Entry_ID,Event_Date,Recorded_Date,Workstream,Artifact,Version,Entry_Type,Status,Claim_or_Result,Direct_Preconditions,Dependency_IDs,Invariant_Earned_or_Changed,Falsifier_or_Rejected_Alternative,Supersedes_or_Corrects,Downstream_License,Evidence_Anchor,Public_ID_DOI_Commit,Content_SHA256,Verification,Notes
PC-0001,,2026-09-07,Foundations,CF000,,THEOREM/FOUNDATION,DERIVED,"Primitive condition: distinguishability, non-discharge, continued same-axis articulation, saturation, forced orthogonal extension, inheritance/invariant stacking.",,,Primitive articulation / saturation conditions established.,,,Licenses later Farey excavation and retained-state construction.,Chronology(1).md:L3-L9,,,SOURCE-DOCUMENTED,Source chronology does not state the CF000 publication date.
PC-0002,2026-03-24,2026-09-07,Farey / Infinity Resolution,Farey Remainder Recursion and Orthogonal Re-Articulation: An Exact Infinity-Resolution Theorem,v0.1,THEOREM,PUBLISHED,"First deliberate mathematical excavation of CF000: balanced refinement, exact carried remainder, finite-resolution stopping, orthogonal re-articulation.",PC-0001,PC-0001,Balanced refinement and exact carried remainder.,,,Licenses state-complete assembly attempted in CF19.,Chronology(1).md:L11-L18,,,SOURCE-DOCUMENTED,
PC-0003,2026-03-27,2026-09-07,Lifted Object,CF19: The Full Lifted Object of the Primitive Roll and Exact Return to Lifted Origin,v0.1,CONSTRUCTION,PUBLISHED,First attempt to assemble a state-complete mathematical object from structures exposed by CF000 + Farey.,PC-0001;PC-0002,PC-0001;PC-0002,State-complete lifted-object program.,,,Licenses broader lifted-state operator development.,Chronology(1).md:L20-L25,,,SOURCE-DOCUMENTED,
PC-0004,2026-04-06,2026-09-07,Phase Calculus Core,Phase Calculus - Lifted-State Operator Calculus of the Primitive Roll with Connection Closure and Shadow/Completion Branch,v1,FRAMEWORK,PUBLISHED,"Broader Phase Calculus development: lifted-state operator calculus, connection closure, shadow/completion branch.",PC-0003,PC-0003,Lifted-state operator core enters explicit Phase Calculus form.,,,"Licenses later quotient descent, completion/shadow machinery, and testing.",Chronology(1).md:L27-L35,,,SOURCE-DOCUMENTED,Chronology also records a 2026-04-07 instance.
PC-0005,2026-04-10,2026-09-07,Phase Calculus Core,Phase Calculus - Lifted-State Operator Calculus…,v11.1,FRAMEWORK,PUBLISHED,Further developed lifted-state operator calculus.,PC-0004,PC-0004,Operator core refinement.,,,Feeds quotient descent and broader Phase Calculus testing.,Chronology(1).md:L27-L35,,,SOURCE-DOCUMENTED,
PC-0006,2026-04-21,2026-09-07,Quotient Descent,Quotient Descent and the EML Operator: Why Continuous Composites Are Not Primitives,v0.1-v1.5,THEOREM/OPERATOR,PUBLISHED,Quotient descent and EML operator development.,PC-0004;PC-0005,PC-0004;PC-0005,Quotient descent becomes an explicit operator-level mechanism.,,,Feeds later cross-domain quotient applications.,Chronology(1).md:L33-L38,,,SOURCE-DOCUMENTED,Chronology gives date range 2026-04-21 to 2026-04-22.
PC-0007,2026-04-24,2026-09-07,Cross-domain Test,"Unified Quintic: Lifted Quintic Transport, Red-Filter Quotient Descent, and Immediate Root Certification",v1.4.2,APPLICATION,PUBLISHED,Applies lifted transport and quotient descent to quintic/root certification.,PC-0006,PC-0006,Cross-domain use of quotient descent before later physical applications.,,,Provides downstream evidence that quotient machinery was not invented for one target.,Chronology(1).md:L36-L38,,,SOURCE-DOCUMENTED,
PC-0008,2026-04-24,2026-09-07,Monodromy / Memory,Monodromy as Memory: Quotient Commutation Is Not Quotient Injectivity,v0.1,THEOREM,PUBLISHED,Makes branch/history information and non-injective visible projection explicit in monodromy language.,PC-0004;PC-0006,PC-0004;PC-0006,Projection can commute while losing lifted history.,,,Supports later retained-history and Orthad development.,Chronology(1).md:L36-L38,,,SOURCE-DOCUMENTED,
PC-0009,2026-04-24,2026-09-07,Phase Calculus Core,Phase Calculus as Universal Exact Grammar for Branching Structures,v0.1,FRAMEWORK,PUBLISHED,Broad universal-exact-grammar formulation of Phase Calculus.,PC-0004;PC-0005,PC-0004;PC-0005,Branching grammar generalized beyond the initial construction.,,,Feeds later state-complete and Orthad work.,Chronology(1).md:L27-L31,,,SOURCE-DOCUMENTED,
PC-0010,2026-04-25,2026-09-07,State-Complete Inversion,The Transcendental Wall: State-Complete Inversion and Liouvillian Closure in Phase Calculus,v0.1,THEOREM/APPLICATION,PUBLISHED,Develops state-complete inversion and Liouvillian closure.,PC-0004;PC-0005;PC-0006,PC-0004;PC-0005;PC-0006,State-complete inversion becomes explicit.,,,Supports later retained-state sufficiency arguments.,Chronology(1).md:L27-L31,,,SOURCE-DOCUMENTED,
PC-0011,2026-04-30,2026-09-07,Monodromy / Transport,Retained Loop Projection and Branch-History Monodromy in Transdimensional Anomalous Hall Transport,v0.1,APPLICATION,PUBLISHED,Applies retained loop projection and branch-history monodromy in another physical domain.,PC-0008,PC-0008,Branch-history retention demonstrated downstream.,,,Further constrains later retained-state interpretations.,Chronology(1).md:L36-L39,,,SOURCE-DOCUMENTED,
PC-0012,,2026-09-07,Orthad,June Orthad canon + lens/carry work,,DISCOVERY/CONSTRUCTION,DERIVED,"Orthad meaning begins to stabilize: word-built lens, retained QBL history, counter-oriented charts, cross-chart transfer, Follow ≠ Carry.",PC-0004;PC-0008;PC-0011,PC-0004;PC-0008;PC-0011,Retained dual-chart / overset structural layer becomes explicit.,,,Licenses exact QBL/Orthad custody work.,Chronology(1).md:L41-L63,,,SOURCE-DOCUMENTED,Chronology specifies June 2026 but not an exact day. Event_Date intentionally left blank until the exact artifact date is attached.
PC-0013,,2026-09-07,QBL / Orthad Custody,Active-Study QBL primitive custody recovery and correction,,DERIVATION/AUDIT,AUDITED,QBL primitive custody recovered/corrected; false BL/FLOOR models rejected; capacity/carry structure derived and audited; exact first crossing recovered; primary-pairing/chart/transfer recurrence progressively forced and closed.,PC-0012,PC-0012,Exact QBL/Orthad authority boundary and capacity/carry structure.,False BL/FLOOR models rejected.,,Licenses Cortex implementation and later recurrence closure.,Chronology(1).md:L64-L71,,,SOURCE-DOCUMENTED,Exact event dates should be added from the underlying Active-Study artifacts.
PC-0014,,2026-09-07,Cortex Implementation,Cortex CP0 ... CP20,CP0-CP20,IMPLEMENTATION,IMPLEMENTED,"Implements recovered QBL/Orthad authority boundary: assembly primitive custody, retained Orthad mutation, wordless persistence, local/hierarchical causal transactions, world integration.",PC-0013,PC-0013,Recovered mathematical authority boundary implemented.,,,Provides executable substrate for later integration.,Chronology(1).md:L73-L80,,,SOURCE-DOCUMENTED,
PC-0015,,2026-09-07,Cortex Boundary,CP20 deliberate boundary,CP20,BOUNDARY,OPEN,"Implementation substrate mature, but full dual-chart recurrence integration remained blocked in the then-current retrospective.",PC-0014,PC-0014,Explicitly records what was not yet closed.,,,Creates a documented burden for post-CP20 mathematical closure.,Chronology(1).md:L82-L85,,,SOURCE-DOCUMENTED,
PC-0016,2026-04-27,2026-09-07,Navier-Stokes,CF10: Global Regularity for the Three-Dimensional Navier-Stokes Equations,v1,APPLICATION/THEOREM,PUBLISHED,Post-CP20 closure list includes CF10 global regularity work.,,,Phase Calculus transported into the Navier-Stokes regularity program.,,,Downstream physical application of retained-state / quotient machinery.,Chronology(1).md:L87-L90,,,SOURCE-DOCUMENTED,Its calendar date predates the later CP20 stage; retain event date separately from the chronology section in which it is discussed.
PC-0017,2026-07-19,2026-09-07,Lifted Object,The Lifted Object: A Natural-Language Walkthrough from Primitive Custody to the Orthad,v1.0.0-v1.0.1,WALKTHROUGH,PUBLISHED,Current natural-language walkthrough from primitive custody to the Orthad.,PC-0013;PC-0015,PC-0013;PC-0015,Current explanatory surface for recovered custody and Orthad.,,,Provides a human-readable reference surface; does not replace primary derivation artifacts.,Chronology(1).md:L92-L96,,,SOURCE-DOCUMENTED,
PC-0018,,2026-09-07,Capacity Law,QBL phase-position / capacity dependency chain,,DEPENDENCY-CHAIN,DERIVED,"QBL phase-position/capacity structure branches to Q count 6·2^A−1 / Thabit family and closing capacity 2^(2J_A), then Fibonacci product crossing, exact B depth, global ceiling theorem, dyadic carry, {7,8,9}, five-valued defect, affine interval language, and exact retained QBL boundary factor.",PC-0013,PC-0013,Capacity law becomes a deep downstream dependency spine.,,,Licenses exact boundary-factor and affine-language consequences.,Chronology(1).md:L100-L126,,,SOURCE-DOCUMENTED,
