Evidence_ID,Evidence_Class,Event_Date,Title_or_Event,Identifier,Source,Status,Hash_or_SHA,URL_or_Path,Related_Entry,Index_Surface
PUB-0001,PUBLIC_RELEASE,2025-01-08,Theoretical Foundations for the Adaptive Modular Network,10.5281/zenodo.19155030,zenodo,PUBLIC,,https://zenodo.org/records/19155030,,public/reach/public-release-timeline.csv
PUB-0002,PUBLIC_RELEASE,2025-04-02,Self Improvement Engine Stability Analysis Framework,10.5281/zenodo.19155003,zenodo,PUBLIC,,https://zenodo.org/records/19155003,,public/reach/public-release-timeline.csv
PUB-0003,PUBLIC_RELEASE,2025-09-10,Counterfactual Echo Gain (CEG): Future-Aware Metriplectic Assistance Yields Gate-Certified Echo Improvement,10.5281/zenodo.19613111,zenodo,PUBLIC,,https://zenodo.org/records/19613111,,public/reach/public-release-timeline.csv
PUB-0004,PUBLIC_RELEASE,2025-09-29,A Logarithmic First Integral for the Logistic On Site Law in Void Dynamics,10.5281/zenodo.17220869,zenodo,PUBLIC,,https://zenodo.org/records/17220869,,public/reach/public-release-timeline.csv
PUB-0005,PUBLIC_RELEASE,2025-10-27,A Logarithmic First Integral for the Logistic On Site Law in Void Dynamics,10.5281/zenodo.17455491,zenodo,PUBLIC,,https://zenodo.org/records/17455491,,public/reach/public-release-timeline.csv
PUB-0006,PUBLIC_RELEASE,2025-11-01,Packaged Release of a T8 A8 Proposal for the Void Dynamics Model,10.5281/zenodo.17497855,zenodo,PUBLIC,,https://zenodo.org/records/17497855,,public/reach/public-release-timeline.csv
PUB-0007,PUBLIC_RELEASE,2025-11-01,The Lietz Infinity Resolution Conjecture: Hierarchical Scale-Breaking in Tachyonic Metriplectic Systems,10.5281/zenodo.17508502,zenodo,PUBLIC,,https://zenodo.org/records/17508502,,public/reach/public-release-timeline.csv
PUB-0008,PUBLIC_RELEASE,2025-11-01,The Lietz Infinity Resolution Conjecture: Hierarchical Scale-Breaking in Tachyonic Metriplectic Systems,10.5281/zenodo.17508148,zenodo,PUBLIC,,https://zenodo.org/records/17508148,,public/reach/public-release-timeline.csv
PUB-0009,PUBLIC_RELEASE,2025-11-01,The Lietz Infinity Resolution Conjecture: Hierarchical Scale-Breaking in Tachyonic Metriplectic Systems,10.5281/zenodo.17503344,zenodo,PUBLIC,,https://zenodo.org/records/17503344,,public/reach/public-release-timeline.csv
PUB-0010,PUBLIC_RELEASE,2025-11-02,The Lietz Infinity Resolution Conjecture: Logarithmic Hierarchical Interfaces as the Tachyonic Pulled-Front Re-Expression of the Primitive Invariant,10.5281/zenodo.19155667,zenodo,PUBLIC,,https://zenodo.org/records/19155667,,public/reach/public-release-timeline.csv
PUB-0011,PUBLIC_RELEASE,2025-11-04,Counterfactual Echo Gain (CEG): A Metriplectic Assisted-Echo Experiment Proposal in VDM,10.5281/zenodo.17525916,zenodo,PUBLIC,,https://zenodo.org/records/17525916,,public/reach/public-release-timeline.csv
PUB-0012,PUBLIC_RELEASE,2025-11-10,Counterfactual Echo Gain (CEG): Future-Aware Metriplectic Assistance Yields Gate-Certified Echo Improvement,10.5281/zenodo.17567396,zenodo,PUBLIC,,https://zenodo.org/records/17567396,,public/reach/public-release-timeline.csv
PUB-0013,PUBLIC_RELEASE,2025-11-24,Packaged Release - VDM Unification Roadmap: From Quantum Waves to Cosmology,10.5281/zenodo.17701735,zenodo,PUBLIC,,https://zenodo.org/records/17701735,,public/reach/public-release-timeline.csv
PUB-0014,PUBLIC_RELEASE,2025-11-24,Packaged Release - VDM Unification Roadmap: From Quantum Waves to Cosmology,10.5281/zenodo.17697113,zenodo,PUBLIC,,https://zenodo.org/records/17697113,,public/reach/public-release-timeline.csv
PUB-0015,PUBLIC_RELEASE,2025-12-09,"Dynamic, self managing biology-like memory layer for LLMs. Give your agent the ability to remember and forget in three s",Neuroca-Inc/_Neuroca,github,PUBLIC,,https://github.com/Neuroca-Inc/_Neuroca,,public/reach/public-release-timeline.csv
PUB-0016,PUBLIC_RELEASE,2026-02-11,Data Analysis on Early Run Logs of The Void Dynamics Model Runtime,10.5281/zenodo.18607800,zenodo,PUBLIC,,https://zenodo.org/records/18607800,,public/reach/public-release-timeline.csv
PUB-0017,PUBLIC_RELEASE,2026-02-17,CF01: Complete Formalism - Quantum Geometric Tensor to Metriplectic Brackets,10.5281/zenodo.18675122,zenodo,PUBLIC,,https://zenodo.org/records/18675122,,public/reach/public-release-timeline.csv
PUB-0018,PUBLIC_RELEASE,2026-02-17,CF02: Contact to Metriplectic Evolution,10.5281/zenodo.18675169,zenodo,PUBLIC,,https://zenodo.org/records/18675169,,public/reach/public-release-timeline.csv
PUB-0019,PUBLIC_RELEASE,2026-02-17,CF03: Complete Formalism — A8 Scaling Theorem (Hierarchical Tachyonic Interfaces),10.5281/zenodo.18675407,zenodo,PUBLIC,,https://zenodo.org/records/18675407,,public/reach/public-release-timeline.csv
PUB-0020,PUBLIC_RELEASE,2026-02-17,CF03: Complete Formalism — A8 Scaling Theorem (Hierarchical Tachyonic Interfaces),10.5281/zenodo.18675227,zenodo,PUBLIC,,https://zenodo.org/records/18675227,,public/reach/public-release-timeline.csv
PUB-0021,PUBLIC_RELEASE,2026-02-17,CF04: Complete Formalism — Telegraph-Fisher Causality (Finite-Speed Transport),10.5281/zenodo.18675565,zenodo,PUBLIC,,https://zenodo.org/records/18675565,,public/reach/public-release-timeline.csv
PUB-0022,PUBLIC_RELEASE,2026-02-17,CF04: Complete Formalism — Telegraph-Fisher Causality (Finite-Speed Transport),10.5281/zenodo.18675381,zenodo,PUBLIC,,https://zenodo.org/records/18675381,,public/reach/public-release-timeline.csv
PUB-0023,PUBLIC_RELEASE,2026-02-17,CF04: Complete Formalism — Telegraph-Fisher Causality (Finite-Speed Transport),10.5281/zenodo.18675239,zenodo,PUBLIC,,https://zenodo.org/records/18675239,,public/reach/public-release-timeline.csv
PUB-0024,PUBLIC_RELEASE,2026-02-17,CF05: Complete Formalism — Integrability Closure (No Hidden Conserved Quantities),10.5281/zenodo.18675786,zenodo,PUBLIC,,https://zenodo.org/records/18675786,,public/reach/public-release-timeline.csv
PUB-0025,PUBLIC_RELEASE,2026-02-17,CF05: Complete Formalism — Integrability Closure (No Hidden Conserved Quantities),10.5281/zenodo.18675256,zenodo,PUBLIC,,https://zenodo.org/records/18675256,,public/reach/public-release-timeline.csv
PUB-0026,PUBLIC_RELEASE,2026-02-17,CF06: Information Geometry Foundations — Fisher and Ruppeiner Metrics for VDM M-Limb,10.5281/zenodo.18675861,zenodo,PUBLIC,,https://zenodo.org/records/18675861,,public/reach/public-release-timeline.csv
PUB-0027,PUBLIC_RELEASE,2026-02-17,CF06: Information Geometry Foundations — Fisher and Ruppeiner Metrics for VDM M-Limb,10.5281/zenodo.18675267,zenodo,PUBLIC,,https://zenodo.org/records/18675267,,public/reach/public-release-timeline.csv
PUB-0028,PUBLIC_RELEASE,2026-02-17,CF07: Measurement Theory Foundations — Decoherence and Born Rule for VDM,10.5281/zenodo.18676091,zenodo,PUBLIC,,https://zenodo.org/records/18676091,,public/reach/public-release-timeline.csv
PUB-0029,PUBLIC_RELEASE,2026-02-17,CF07: Measurement Theory Foundations — Decoherence and Born Rule for VDM,10.5281/zenodo.18675276,zenodo,PUBLIC,,https://zenodo.org/records/18675276,,public/reach/public-release-timeline.csv
PUB-0030,PUBLIC_RELEASE,2026-02-17,CF08: Complete Formalism — Spinor Emergence via Domain-Wall Fermions in VDM,10.5281/zenodo.18675290,zenodo,PUBLIC,,https://zenodo.org/records/18675290,,public/reach/public-release-timeline.csv
PUB-0031,PUBLIC_RELEASE,2026-02-17,CF08: Spinor Emergence via Domain-Wall Fermions in VDM,10.5281/zenodo.18676137,zenodo,PUBLIC,,https://zenodo.org/records/18676137,,public/reach/public-release-timeline.csv
PUB-0032,PUBLIC_RELEASE,2026-02-17,CF09: Complete Formalism — Gauge Field Emergence via Berry Connection in VDM,10.5281/zenodo.18675301,zenodo,PUBLIC,,https://zenodo.org/records/18675301,,public/reach/public-release-timeline.csv
PUB-0033,PUBLIC_RELEASE,2026-02-17,CF09: Gauge Field Emergence via Berry Connection in VDM,10.5281/zenodo.18676231,zenodo,PUBLIC,,https://zenodo.org/records/18676231,,public/reach/public-release-timeline.csv
PUB-0034,PUBLIC_RELEASE,2026-02-17,"CF10: Complete Formalism — VDM Lattice Hydrodynamics, Continuum Limit, and Regularity Program",10.5281/zenodo.18675311,zenodo,PUBLIC,,https://zenodo.org/records/18675311,,public/reach/public-release-timeline.csv
PUB-0035,PUBLIC_RELEASE,2026-02-17,"CF10: VDM Lattice Hydrodynamics, Continuum Limit, and Regularity Program",10.5281/zenodo.18676423,zenodo,PUBLIC,,https://zenodo.org/records/18676423,,public/reach/public-release-timeline.csv
PUB-0036,PUBLIC_RELEASE,2026-02-17,CF11: Dark Sector Emergence from Metriplectic Dynamics,10.5281/zenodo.18676468,zenodo,PUBLIC,,https://zenodo.org/records/18676468,,public/reach/public-release-timeline.csv
PUB-0037,PUBLIC_RELEASE,2026-02-17,CF11: Dark Sector Emergence from Metriplectic Dynamics,10.5281/zenodo.18675323,zenodo,PUBLIC,,https://zenodo.org/records/18675323,,public/reach/public-release-timeline.csv
PUB-0038,PUBLIC_RELEASE,2026-02-19,Four Independent Complex-Adaptive Signatures From A Structurally-Plastic Connectome Run,10.5281/zenodo.18706821,zenodo,PUBLIC,,https://zenodo.org/records/18706821,,public/reach/public-release-timeline.csv
PUB-0039,PUBLIC_RELEASE,2026-02-19,Predictive Feature Architectures For Self-Supervised Say-Events in VDM,10.5281/zenodo.19564798,zenodo,PUBLIC,,https://zenodo.org/records/19564798,,public/reach/public-release-timeline.csv
PUB-0040,PUBLIC_RELEASE,2026-02-19,VDM Runtime Results: Four Offline Proofs From A Structurally-Plastic Connectome Run,10.5281/zenodo.18702788,zenodo,PUBLIC,,https://zenodo.org/records/18702788,,public/reach/public-release-timeline.csv
PUB-0041,PUBLIC_RELEASE,2026-02-20,Four Independent Complex-Adaptive Signatures From A Structurally-Plastic Connectome Run,10.5281/zenodo.19570959,zenodo,PUBLIC,,https://zenodo.org/records/19570959,,public/reach/public-release-timeline.csv
PUB-0042,PUBLIC_RELEASE,2026-02-20,Predictive Feature Architectures For Self-Supervised Say-Events in VDM,10.5281/zenodo.18707220,zenodo,PUBLIC,,https://zenodo.org/records/18707220,,public/reach/public-release-timeline.csv
PUB-0043,PUBLIC_RELEASE,2026-02-21,Causal Density Dynamics and Markov Entropy in Artificial Cognition,10.5281/zenodo.19570286,zenodo,PUBLIC,,https://zenodo.org/records/19570286,,public/reach/public-release-timeline.csv
PUB-0044,PUBLIC_RELEASE,2026-02-21,Causal Density Dynamics and Markov Entropy in Artificial Cognition,10.5281/zenodo.18726601,zenodo,PUBLIC,,https://zenodo.org/records/18726601,,public/reach/public-release-timeline.csv
PUB-0045,PUBLIC_RELEASE,2026-02-21,Complexity Metric Dashboards for Artificial Consciousness: A Multi-Measure Instrument for Real-Time Cognitive Runtimes,10.5281/zenodo.19567985,zenodo,PUBLIC,,https://zenodo.org/records/19567985,,public/reach/public-release-timeline.csv
PUB-0046,PUBLIC_RELEASE,2026-02-21,Complexity Metric Dashboards for Artificial Consciousness: A Multi-Measure Instrument for Real-Time Cognitive Runtimes,10.5281/zenodo.18724646,zenodo,PUBLIC,,https://zenodo.org/records/18724646,,public/reach/public-release-timeline.csv
PUB-0047,PUBLIC_RELEASE,2026-02-21,Dynamic Phase-Space Signatures and Principal-Component Shifts Across Cognitive Regimes in a Zero-Training Runtime,10.5281/zenodo.19567850,zenodo,PUBLIC,,https://zenodo.org/records/19567850,,public/reach/public-release-timeline.csv
PUB-0048,PUBLIC_RELEASE,2026-02-21,Dynamic Phase-Space Signatures and Principal-Component Shifts Across Cognitive Regimes in a Zero-Training Runtime,10.5281/zenodo.18723892,zenodo,PUBLIC,,https://zenodo.org/records/18723892,,public/reach/public-release-timeline.csv
PUB-0049,PUBLIC_RELEASE,2026-02-21,Emergent Criticality and Avalanche Scaling in Non-Trained Cognitive Firing Patterns,10.5281/zenodo.19568270,zenodo,PUBLIC,,https://zenodo.org/records/19568270,,public/reach/public-release-timeline.csv
PUB-0050,PUBLIC_RELEASE,2026-02-21,Emergent Criticality and Avalanche Scaling in Non-Trained Cognitive Firing Patterns,10.5281/zenodo.18725612,zenodo,PUBLIC,,https://zenodo.org/records/18725612,,public/reach/public-release-timeline.csv
PUB-0051,PUBLIC_RELEASE,2026-02-21,"Integration–Segregation Balance in Zero-Training Cognitive Regimes: Total Correlation, O-information, and MIP Structure",10.5281/zenodo.19569960,zenodo,PUBLIC,,https://zenodo.org/records/19569960,,public/reach/public-release-timeline.csv
PUB-0052,PUBLIC_RELEASE,2026-02-21,"Integration–Segregation Balance in Zero-Training Cognitive Regimes: Total Correlation, O-information, and MIP Structure",10.5281/zenodo.18725951,zenodo,PUBLIC,,https://zenodo.org/records/18725951,,public/reach/public-release-timeline.csv
PUB-0053,PUBLIC_RELEASE,2026-02-21,Phase Transitions and Metastable Regimes in Real-Time Cognitive Connectomes,10.5281/zenodo.19576940,zenodo,PUBLIC,,https://zenodo.org/records/19576940,,public/reach/public-release-timeline.csv
PUB-0054,PUBLIC_RELEASE,2026-02-21,Phase Transitions and Metastable Regimes in Real-Time Cognitive Connectomes,10.5281/zenodo.18726328,zenodo,PUBLIC,,https://zenodo.org/records/18726328,,public/reach/public-release-timeline.csv
PUB-0055,PUBLIC_RELEASE,2026-02-23,Aura - Embodied VDM,10.5281/zenodo.18749264,zenodo,PUBLIC,,https://zenodo.org/records/18749264,,public/reach/public-release-timeline.csv
PUB-0056,PUBLIC_RELEASE,2026-03-06,VDM Cosmogenesis Runtime (v9),10.5281/zenodo.18895523,zenodo,PUBLIC,,https://zenodo.org/records/18895523,,public/reach/public-release-timeline.csv
PUB-0057,PUBLIC_RELEASE,2026-03-07,Void Lensing Cross-Correlation Meter v1: Synthetic Mocks Calibration and Mocks-Grid Tuning,10.5281/zenodo.18897151,zenodo,PUBLIC,,https://zenodo.org/records/18897151,,public/reach/public-release-timeline.csv
PUB-0058,PUBLIC_RELEASE,2026-03-13,"H000: Primitive Bifurcation As A Minimal Generative Origin For Distinguishability, Hierarchy, And Carrier Emergence",10.5281/zenodo.19009927,zenodo,PUBLIC,,https://zenodo.org/records/19009927,,public/reach/public-release-timeline.csv
PUB-0059,PUBLIC_RELEASE,2026-03-14,Branch Relative Origin Resolution,10.5281/zenodo.19010844,zenodo,PUBLIC,,https://zenodo.org/records/19010844,,public/reach/public-release-timeline.csv
PUB-0060,PUBLIC_RELEASE,2026-03-16,DRAFT Convergent Anomalous Signatures in an Emergent Zero-Trained Cognitive Runtime,10.5281/zenodo.19043188,zenodo,PUBLIC,,https://zenodo.org/records/19043188,,public/reach/public-release-timeline.csv
PUB-0061,PUBLIC_RELEASE,2026-03-18,CF000: Primitive Distinguishability and Orthogonal Articulation,10.5281/zenodo.19644143,zenodo,PUBLIC,,https://zenodo.org/records/19644143,,public/reach/public-release-timeline.csv
PUB-0062,PUBLIC_RELEASE,2026-03-18,CF000: Primitive Distinguishability and Orthogonal Articulation,10.5281/zenodo.19098778,zenodo,PUBLIC,,https://zenodo.org/records/19098778,,public/reach/public-release-timeline.csv
PUB-0063,PUBLIC_RELEASE,2026-03-18,CF01: Complete Formalism - Quantum Geometric Tensor to Metriplectic Brackets,10.5281/zenodo.19102730,zenodo,PUBLIC,,https://zenodo.org/records/19102730,,public/reach/public-release-timeline.csv
PUB-0064,PUBLIC_RELEASE,2026-03-18,Induced Geometry and Emergent Dynamics,10.5281/zenodo.19099916,zenodo,PUBLIC,,https://zenodo.org/records/19099916,,public/reach/public-release-timeline.csv
PUB-0065,PUBLIC_RELEASE,2026-03-18,Primitive Distinguishability and the Origin of Differentiability,10.5281/zenodo.19097453,zenodo,PUBLIC,,https://zenodo.org/records/19097453,,public/reach/public-release-timeline.csv
PUB-0066,PUBLIC_RELEASE,2026-03-18,Primitive Distinguishability and the Origin of Differentiability,10.5281/zenodo.19097305,zenodo,PUBLIC,,https://zenodo.org/records/19097305,,public/reach/public-release-timeline.csv
PUB-0067,PUBLIC_RELEASE,2026-03-19,CF00: Induced Geometry and Emergent Dynamics,10.5281/zenodo.19124587,zenodo,PUBLIC,,https://zenodo.org/records/19124587,,public/reach/public-release-timeline.csv
PUB-0068,PUBLIC_RELEASE,2026-03-19,CF00: Induced Geometry and Emergent Dynamics,10.5281/zenodo.19120806,zenodo,PUBLIC,,https://zenodo.org/records/19120806,,public/reach/public-release-timeline.csv
PUB-0069,PUBLIC_RELEASE,2026-03-19,CF08: Spinor Emergence via Domain-Wall Fermions,10.5281/zenodo.19124751,zenodo,PUBLIC,,https://zenodo.org/records/19124751,,public/reach/public-release-timeline.csv
PUB-0070,PUBLIC_RELEASE,2026-03-19,CF08: Spinor Emergence via Domain-Wall Fermions,10.5281/zenodo.19122763,zenodo,PUBLIC,,https://zenodo.org/records/19122763,,public/reach/public-release-timeline.csv
PUB-0071,PUBLIC_RELEASE,2026-03-19,"CF12: Gravity, Black Holes, and Saturation Geometry",10.5281/zenodo.19103452,zenodo,PUBLIC,,https://zenodo.org/records/19103452,,public/reach/public-release-timeline.csv
PUB-0072,PUBLIC_RELEASE,2026-03-19,"CF13 - π, Transcendence, Chirality, and the Nielsen-Ninomia Obstruction",10.5281/zenodo.19124533,zenodo,PUBLIC,,https://zenodo.org/records/19124533,,public/reach/public-release-timeline.csv
PUB-0073,PUBLIC_RELEASE,2026-03-19,"CF13 - π, Transcendence, Chirality, and the Nielsen-Ninomia Obstruction",10.5281/zenodo.19121368,zenodo,PUBLIC,,https://zenodo.org/records/19121368,,public/reach/public-release-timeline.csv
PUB-0074,PUBLIC_RELEASE,2026-03-19,"CF13 - π, Transcendence, Chirality, and the Nielsen-Ninomia Obstruction",10.5281/zenodo.19121111,zenodo,PUBLIC,,https://zenodo.org/records/19121111,,public/reach/public-release-timeline.csv
PUB-0075,PUBLIC_RELEASE,2026-03-19,"CF13 - π, Transcendence, Chirality, and the Nielsen-Ninomia Obstruction",10.5281/zenodo.19120322,zenodo,PUBLIC,,https://zenodo.org/records/19120322,,public/reach/public-release-timeline.csv
PUB-0076,PUBLIC_RELEASE,2026-03-19,Universal Axiom of Primitive Bifurcation and Orthogonal Articulation,10.5281/zenodo.19129390,zenodo,PUBLIC,,https://zenodo.org/records/19129390,,public/reach/public-release-timeline.csv
PUB-0077,PUBLIC_RELEASE,2026-03-20,CF14: Principle of Stationary Action as Temporal Effective Invariant,10.5281/zenodo.19133897,zenodo,PUBLIC,,https://zenodo.org/records/19133897,,public/reach/public-release-timeline.csv
PUB-0078,PUBLIC_RELEASE,2026-03-20,CF15: Noether's Theorem as Invariant Articulation Cost,10.5281/zenodo.19139375,zenodo,PUBLIC,,https://zenodo.org/records/19139375,,public/reach/public-release-timeline.csv
PUB-0079,PUBLIC_RELEASE,2026-03-20,Universal Axiom of Primitive Bifurcation and Orthogonal Articulation,10.5281/zenodo.19130313,zenodo,PUBLIC,,https://zenodo.org/records/19130313,,public/reach/public-release-timeline.csv
PUB-0080,PUBLIC_RELEASE,2026-03-20,Universal Axiom of Primitive Bifurcation and Orthogonal Articulation,10.5281/zenodo.19130228,zenodo,PUBLIC,,https://zenodo.org/records/19130228,,public/reach/public-release-timeline.csv
PUB-0081,PUBLIC_RELEASE,2026-03-20,Universal Axiom of Primitive Bifurcation and Orthogonal Articulation,10.5281/zenodo.19128685,zenodo,PUBLIC,,https://zenodo.org/records/19128685,,public/reach/public-release-timeline.csv
PUB-0082,PUBLIC_RELEASE,2026-03-21,"CF16: Electroweak Fiber Splitting, Chiral Weak Coupling, Neutral Gauge Mixing, and Broken Gauge-Scalar Structure",10.5281/zenodo.19153908,zenodo,PUBLIC,,https://zenodo.org/records/19153908,,public/reach/public-release-timeline.csv
PUB-0083,PUBLIC_RELEASE,2026-03-21,"CF17: Non-Abelian Saturation, Flux-Tube Formation, Quantitative Confinement, String Breaking, and Deconfinement",10.5281/zenodo.19154343,zenodo,PUBLIC,,https://zenodo.org/records/19154343,,public/reach/public-release-timeline.csv
PUB-0084,PUBLIC_RELEASE,2026-03-21,"CF18: Scale Re-Articulation, Effective Action, Hidden-Return Corrections, Running Couplings, Renormalization, and Corrected Symmetry Structure",10.5281/zenodo.19154453,zenodo,PUBLIC,,https://zenodo.org/records/19154453,,public/reach/public-release-timeline.csv
PUB-0085,PUBLIC_RELEASE,2026-03-22,CF06: Information Geometry Foundations — Fisher and Ruppeiner Metrics for the M-Limb,10.5281/zenodo.19164028,zenodo,PUBLIC,,https://zenodo.org/records/19164028,,public/reach/public-release-timeline.csv
PUB-0086,PUBLIC_RELEASE,2026-03-22,CF07: Measurement Theory Foundations - Decoherence and Born Rule Emergence,10.5281/zenodo.19163944,zenodo,PUBLIC,,https://zenodo.org/records/19163944,,public/reach/public-release-timeline.csv
PUB-0087,PUBLIC_RELEASE,2026-03-22,CF08: Spinor Emergence via Domain-Wall Fermions (Nielsen-Ninomiya Defense),10.5281/zenodo.19163918,zenodo,PUBLIC,,https://zenodo.org/records/19163918,,public/reach/public-release-timeline.csv
PUB-0088,PUBLIC_RELEASE,2026-03-22,CF09: Gauge Field Emergence via Berry Connection (Weinberg-Witten Defense),10.5281/zenodo.19163873,zenodo,PUBLIC,,https://zenodo.org/records/19163873,,public/reach/public-release-timeline.csv
PUB-0089,PUBLIC_RELEASE,2026-03-22,"CF10: VDM Lattice Hydrodynamics, Continuum Limit, and Regularity Program",10.5281/zenodo.19806286,zenodo,PUBLIC,,https://zenodo.org/records/19806286,,public/reach/public-release-timeline.csv
PUB-0090,PUBLIC_RELEASE,2026-03-22,"CF10: VDM Lattice Hydrodynamics, Continuum Limit, and Regularity Program",10.5281/zenodo.19804479,zenodo,PUBLIC,,https://zenodo.org/records/19804479,,public/reach/public-release-timeline.csv
PUB-0091,PUBLIC_RELEASE,2026-03-22,"CF10: VDM Lattice Hydrodynamics, Continuum Limit, and Regularity Program",10.5281/zenodo.19163509,zenodo,PUBLIC,,https://zenodo.org/records/19163509,,public/reach/public-release-timeline.csv
PUB-0092,PUBLIC_RELEASE,2026-03-22,CF11: Dark Sector Emergence from Metriplectic Dynamics,10.5281/zenodo.19163437,zenodo,PUBLIC,,https://zenodo.org/records/19163437,,public/reach/public-release-timeline.csv
PUB-0093,PUBLIC_RELEASE,2026-03-22,"CF12: Derived Gravity, Black Holes, and Saturation Geometry",10.5281/zenodo.19163352,zenodo,PUBLIC,,https://zenodo.org/records/19163352,,public/reach/public-release-timeline.csv
PUB-0094,PUBLIC_RELEASE,2026-03-22,"CF13 - π, Transcendence, Chirality, and the Nielsen-Ninomia Obstruction",10.5281/zenodo.19163245,zenodo,PUBLIC,,https://zenodo.org/records/19163245,,public/reach/public-release-timeline.csv
PUB-0095,PUBLIC_RELEASE,2026-03-22,CF14: Principle of Stationary Action as Temporal Effective Invariant,10.5281/zenodo.19163200,zenodo,PUBLIC,,https://zenodo.org/records/19163200,,public/reach/public-release-timeline.csv
PUB-0096,PUBLIC_RELEASE,2026-03-22,CF15: Noether's Theorem as Invariant Articulation Cost,10.5281/zenodo.19163157,zenodo,PUBLIC,,https://zenodo.org/records/19163157,,public/reach/public-release-timeline.csv
PUB-0097,PUBLIC_RELEASE,2026-03-22,"CF16: Electroweak Fiber Splitting, Chiral Weak Coupling, Neutral Gauge Mixing, and Broken Gauge-Scalar Structure",10.5281/zenodo.19163139,zenodo,PUBLIC,,https://zenodo.org/records/19163139,,public/reach/public-release-timeline.csv
PUB-0098,PUBLIC_RELEASE,2026-03-22,"CF17: Non-Abelian Saturation, Flux-Tube Formation, Quantitative Confinement, String Breaking, and Deconfinement",10.5281/zenodo.19163117,zenodo,PUBLIC,,https://zenodo.org/records/19163117,,public/reach/public-release-timeline.csv
PUB-0099,PUBLIC_RELEASE,2026-03-22,"CF18: Scale Re-Articulation, Effective Action, Hidden-Return Corrections, Running Couplings, Renormalization, and Corrected Symmetry Structure",10.5281/zenodo.19163003,zenodo,PUBLIC,,https://zenodo.org/records/19163003,,public/reach/public-release-timeline.csv
PUB-0100,PUBLIC_RELEASE,2026-03-22,Universal Axiom of Primitive Bifurcation and Orthogonal Articulation,10.5281/zenodo.19158339,zenodo,PUBLIC,,https://zenodo.org/records/19158339,,public/reach/public-release-timeline.csv
PUB-0101,PUBLIC_RELEASE,2026-03-22,Void Dynamics Model Formula Catalogue,10.5281/zenodo.19158075,zenodo,PUBLIC,,https://zenodo.org/records/19158075,,public/reach/public-release-timeline.csv
PUB-0102,PUBLIC_RELEASE,2026-03-24,Farey Remainder Recursion and Orthogonal Re-Articulation: An Exact Infinity-Resolution Theorem,10.5281/zenodo.19210954,zenodo,PUBLIC,,https://zenodo.org/records/19210954,,public/reach/public-release-timeline.csv
PUB-0103,PUBLIC_RELEASE,2026-03-24,Universal Orthogonality Invariant: The Generative Nature of i,10.5281/zenodo.19211725,zenodo,PUBLIC,,https://zenodo.org/records/19211725,,public/reach/public-release-timeline.csv
PUB-0104,PUBLIC_RELEASE,2026-03-24,Universal Orthogonality Invariant: The Generative Nature of i,10.5281/zenodo.19210923,zenodo,PUBLIC,,https://zenodo.org/records/19210923,,public/reach/public-release-timeline.csv
PUB-0105,PUBLIC_RELEASE,2026-03-26,"The Full Lifted Object of the Primitive Roll: Exact Balanced-Window Evolution, True Return, π-Position, and the First Completion Bridge",10.5281/zenodo.19242223,zenodo,PUBLIC,,https://zenodo.org/records/19242223,,public/reach/public-release-timeline.csv
PUB-0106,PUBLIC_RELEASE,2026-03-27,CF19: The Full Lifted Object of the Primitive Roll and Exact Return to Lifted Origin,10.5281/zenodo.19267927,zenodo,PUBLIC,,https://zenodo.org/records/19267927,,public/reach/public-release-timeline.csv
PUB-0107,PUBLIC_RELEASE,2026-04-01,CF000: Primitive Distinguishability and Orthogonal Articulation,10.5281/zenodo.19380587,zenodo,PUBLIC,,https://zenodo.org/records/19380587,,public/reach/public-release-timeline.csv
PUB-0108,PUBLIC_RELEASE,2026-04-01,CF00: Induced Geometry and Emergent Dynamics,10.5281/zenodo.19380518,zenodo,PUBLIC,,https://zenodo.org/records/19380518,,public/reach/public-release-timeline.csv
PUB-0109,PUBLIC_RELEASE,2026-04-01,CF01: Quantum Geometric Tensor Decomposition to Metriplectic Brackets,10.5281/zenodo.19380435,zenodo,PUBLIC,,https://zenodo.org/records/19380435,,public/reach/public-release-timeline.csv
PUB-0110,PUBLIC_RELEASE,2026-04-01,CF02: Connecting Contact Geometry to Metriplectic Evolution,10.5281/zenodo.19380257,zenodo,PUBLIC,,https://zenodo.org/records/19380257,,public/reach/public-release-timeline.csv
PUB-0111,PUBLIC_RELEASE,2026-04-01,CF03: Logarithmic Scaling Theorem (Hierarchical Tachyonic Interfaces),10.5281/zenodo.19380133,zenodo,PUBLIC,,https://zenodo.org/records/19380133,,public/reach/public-release-timeline.csv
PUB-0112,PUBLIC_RELEASE,2026-04-01,CF04: Telegraph-Fisher Causality (Finite-Speed Transport),10.5281/zenodo.19380039,zenodo,PUBLIC,,https://zenodo.org/records/19380039,,public/reach/public-release-timeline.csv
PUB-0113,PUBLIC_RELEASE,2026-04-01,CF05: Integrability Closure (No Hidden Conserved Quantities),10.5281/zenodo.19379928,zenodo,PUBLIC,,https://zenodo.org/records/19379928,,public/reach/public-release-timeline.csv
PUB-0114,PUBLIC_RELEASE,2026-04-02,CF06: Information Geometry Foundations — Fisher and Ruppeiner Metrics for the M-Limb,10.5281/zenodo.19382911,zenodo,PUBLIC,,https://zenodo.org/records/19382911,,public/reach/public-release-timeline.csv
PUB-0115,PUBLIC_RELEASE,2026-04-02,CF06: Information Geometry Foundations — Fisher and Ruppeiner Metrics for the M-Limb,10.5281/zenodo.19382899,zenodo,PUBLIC,,https://zenodo.org/records/19382899,,public/reach/public-release-timeline.csv
PUB-0116,PUBLIC_RELEASE,2026-04-06,Phase Calculus - Lifted-State Operator Calculus of the Primitive Roll with Connection Closure and Shadow/Completion Branch,10.5281/zenodo.19447474,zenodo,PUBLIC,,https://zenodo.org/records/19447474,,public/reach/public-release-timeline.csv
PUB-0117,PUBLIC_RELEASE,2026-04-07,Phase Calculus - Lifted-State Operator Calculus of the Primitive Roll with Connection Closure and Shadow/Completion Branch,10.5281/zenodo.19449044,zenodo,PUBLIC,,https://zenodo.org/records/19449044,,public/reach/public-release-timeline.csv
PUB-0118,PUBLIC_RELEASE,2026-04-07,Phase Calculus - Lifted-State Operator Calculus of the Primitive Roll with Connection Closure and Shadow/Completion Branch,10.5281/zenodo.19446535,zenodo,PUBLIC,,https://zenodo.org/records/19446535,,public/reach/public-release-timeline.csv
PUB-0119,PUBLIC_RELEASE,2026-04-10,Phase Calculus - Lifted-State Operator Calculus of the Primitive Roll with Connection Closure and Shadow/Completion Branch,10.5281/zenodo.19491529,zenodo,PUBLIC,,https://zenodo.org/records/19491529,,public/reach/public-release-timeline.csv
PUB-0120,PUBLIC_RELEASE,2026-04-12,DRAFT Operational Utility and Multiscale Invariance of Phase Calculus: A Discrete Foundational Grammar for Dynamics,10.5281/zenodo.19521030,zenodo,PUBLIC,,https://zenodo.org/records/19521030,,public/reach/public-release-timeline.csv
PUB-0121,PUBLIC_RELEASE,2026-04-13,DRAFT Advanced Non-Scalar Paradigms for Evaluating Large Language Model Efficacy,10.5281/zenodo.19550387,zenodo,PUBLIC,,https://zenodo.org/records/19550387,,public/reach/public-release-timeline.csv
PUB-0122,PUBLIC_RELEASE,2026-04-13,"Void Dynamics Model (VDM) — Canon, Instruments, and Nexus Architecture",10.5281/zenodo.19550007,zenodo,PUBLIC,,https://zenodo.org/records/19550007,,public/reach/public-release-timeline.csv
PUB-0123,PUBLIC_RELEASE,2026-04-13,justinlietz93/primitive_bifurcation_law_VDM: Zenodo Release,10.5281/zenodo.19550101,zenodo,PUBLIC,,https://zenodo.org/records/19550101,,public/reach/public-release-timeline.csv
PUB-0124,PUBLIC_RELEASE,2026-04-14,"Void Dynamics Model (VDM) — Canon, Instruments, and Nexus Architecture",10.5281/zenodo.19561401,zenodo,PUBLIC,,https://zenodo.org/records/19561401,,public/reach/public-release-timeline.csv
PUB-0125,PUBLIC_RELEASE,2026-04-16,Cogito: Computational framework employing a Syncretic Catalyst (synthesis) & rigorous Critique System (analysis) autonom,Neuroca-Inc/Cogito-Research,github,PUBLIC,,https://github.com/Neuroca-Inc/Cogito-Research,,public/reach/public-release-timeline.csv
PUB-0126,PUBLIC_RELEASE,2026-04-16,Neuroca-Inc/Cogito-Research: Zenodo Release v0.2,10.5281/zenodo.19601368,zenodo,PUBLIC,,https://zenodo.org/records/19601368,,public/reach/public-release-timeline.csv
PUB-0127,PUBLIC_RELEASE,2026-04-18,Operational Utility and Multiscale Invariance of Phase Calculus: A Discrete Foundational Grammar for Dynamics,10.5281/zenodo.19651366,zenodo,PUBLIC,,https://zenodo.org/records/19651366,,public/reach/public-release-timeline.csv
PUB-0128,PUBLIC_RELEASE,2026-04-19,"DRAFT CF000-E1: Forced Oscillation, Curiosity, and Productive Tension",10.5281/zenodo.19650307,zenodo,PUBLIC,,https://zenodo.org/records/19650307,,public/reach/public-release-timeline.csv
PUB-0129,PUBLIC_RELEASE,2026-04-19,DRAFT Operational Utility and Multiscale Invariance of Phase Calculus: A Discrete Foundational Grammar for Dynamics,10.5281/zenodo.19650753,zenodo,PUBLIC,,https://zenodo.org/records/19650753,,public/reach/public-release-timeline.csv
PUB-0130,PUBLIC_RELEASE,2026-04-19,justinlietz93/Advanced-AI-Math: v0.01_Zenodo_Provenance,10.5281/zenodo.19649999,zenodo,PUBLIC,,https://zenodo.org/records/19649999,,public/reach/public-release-timeline.csv
PUB-0131,PUBLIC_RELEASE,2026-04-21,Quotient Descent and the EML Operator: Why Continuous Composites Are Not Primitives,10.5281/zenodo.19724444,zenodo,PUBLIC,,https://zenodo.org/records/19724444,,public/reach/public-release-timeline.csv
PUB-0132,PUBLIC_RELEASE,2026-04-21,Quotient Descent and the EML Operator: Why Continuous Composites Are Not Primitives,10.5281/zenodo.19698932,zenodo,PUBLIC,,https://zenodo.org/records/19698932,,public/reach/public-release-timeline.csv
PUB-0133,PUBLIC_RELEASE,2026-04-21,Quotient Descent and the EML Operator: Why Continuous Composites Are Not Primitives,10.5281/zenodo.19688963,zenodo,PUBLIC,,https://zenodo.org/records/19688963,,public/reach/public-release-timeline.csv
PUB-0134,PUBLIC_RELEASE,2026-04-21,Quotient Descent and the EML Operator: Why Continuous Composites Are Not Primitives,10.5281/zenodo.19688140,zenodo,PUBLIC,,https://zenodo.org/records/19688140,,public/reach/public-release-timeline.csv
PUB-0135,PUBLIC_RELEASE,2026-04-22,Quotient Descent and the EML Operator: Why Continuous Composites Are Not Primitives,10.5281/zenodo.19687962,zenodo,PUBLIC,,https://zenodo.org/records/19687962,,public/reach/public-release-timeline.csv
PUB-0136,PUBLIC_RELEASE,2026-04-24,Monodromy as Memory: Quotient Commutation Is Not Quotient Injectivity,10.5281/zenodo.19741769,zenodo,PUBLIC,,https://zenodo.org/records/19741769,,public/reach/public-release-timeline.csv
PUB-0137,PUBLIC_RELEASE,2026-04-24,PCVDMFullDynamicsRegressor,10.5281/zenodo.19742587,zenodo,PUBLIC,,https://zenodo.org/records/19742587,,public/reach/public-release-timeline.csv
PUB-0138,PUBLIC_RELEASE,2026-04-24,Phase Calculus as Universal Exact Grammar for Branching Structures,10.5281/zenodo.19741678,zenodo,PUBLIC,,https://zenodo.org/records/19741678,,public/reach/public-release-timeline.csv
PUB-0139,PUBLIC_RELEASE,2026-04-24,"Unified Quintic: Lifted Quintic Transport, Red-Filter Quotient Descent, and Immediate Root Certification",10.5281/zenodo.19725430,zenodo,PUBLIC,,https://zenodo.org/records/19725430,,public/reach/public-release-timeline.csv
PUB-0140,PUBLIC_RELEASE,2026-04-25,The Transcendental Wall: State-Complete Inversion and Liouvillian Closure in Phase Calculus,10.5281/zenodo.19750321,zenodo,PUBLIC,,https://zenodo.org/records/19750321,,public/reach/public-release-timeline.csv
PUB-0141,PUBLIC_RELEASE,2026-04-27,CF10: Global Regularity for the Three-Dimensional Navier–Stokes Equations,10.5281/zenodo.20091655,zenodo,PUBLIC,,https://zenodo.org/records/20091655,,public/reach/public-release-timeline.csv
PUB-0142,PUBLIC_RELEASE,2026-04-27,"CF10: VDM Lattice Hydrodynamics, Continuum Limit, and Regularity Program",10.5281/zenodo.19836509,zenodo,PUBLIC,,https://zenodo.org/records/19836509,,public/reach/public-release-timeline.csv
PUB-0143,PUBLIC_RELEASE,2026-04-27,"CF10: VDM Lattice Hydrodynamics, Continuum Limit, and Regularity Program",10.5281/zenodo.19834541,zenodo,PUBLIC,,https://zenodo.org/records/19834541,,public/reach/public-release-timeline.csv
PUB-0144,PUBLIC_RELEASE,2026-04-27,"CF10: VDM Lattice Hydrodynamics, Continuum Limit, and Regularity Program",10.5281/zenodo.19826747,zenodo,PUBLIC,,https://zenodo.org/records/19826747,,public/reach/public-release-timeline.csv
PUB-0145,PUBLIC_RELEASE,2026-04-30,Retained Loop Projection and Branch-History Monodromy in Transdimensional Anomalous Hall Transport,10.5281/zenodo.19903551,zenodo,PUBLIC,,https://zenodo.org/records/19903551,,public/reach/public-release-timeline.csv
PUB-0146,PUBLIC_RELEASE,2026-05-09,"The official Neuroca, Inc. repository for the Void Dynamics Model research project.",Neuroca-Inc/VDM,github,PUBLIC,,https://github.com/Neuroca-Inc/VDM,,public/reach/public-release-timeline.csv
PUB-0147,PUBLIC_RELEASE,2026-05-12,"Neuroca, Inc's official public authorized repository for a physics grounded approach to modeling real time divergent / c",Neuroca-Inc/Prometheus_Void-Dynamics_Model,github,PUBLIC,,https://github.com/Neuroca-Inc/Prometheus_Void-Dynamics_Model,,public/reach/public-release-timeline.csv
PUB-0148,PUBLIC_RELEASE,2026-07-19,The Lifted Object: A Natural-Language Walkthrough from Primitive Custody to the Orthad,10.5281/zenodo.21443828,zenodo,PUBLIC,,https://zenodo.org/records/21443828,,public/reach/public-release-timeline.csv
PUB-0149,PUBLIC_RELEASE,2026-07-19,The Lifted Object: A Natural-Language Walkthrough from Primitive Custody to the Orthad,10.5281/zenodo.21439518,zenodo,PUBLIC,,https://zenodo.org/records/21439518,,public/reach/public-release-timeline.csv
PUB-0150,PUBLIC_RELEASE,2026-07-20,CF09: Gauge Field Emergence from the Berry Connection,10.5281/zenodo.21459102,zenodo,PUBLIC,,https://zenodo.org/records/21459102,,public/reach/public-release-timeline.csv
PUB-0151,PUBLIC_RELEASE,2026-07-22,Phase Calculus and the 2026 Jacobian Counterexample,10.5281/zenodo.21586157,zenodo,PUBLIC,,https://zenodo.org/records/21586157,,public/reach/public-release-timeline.csv
PUB-0152,PUBLIC_RELEASE,2026-08-10,"A native, offline-first desktop game written in Rust for learning to type LaTeX used in graduate mathematics and physics",Neuroca-Inc/TeXterity,github,PUBLIC,,https://github.com/Neuroca-Inc/TeXterity,,public/reach/public-release-timeline.csv
PUB-0153,PUBLIC_RELEASE,2026-08-10,"An invariant-first chunk formation package for retrieval, agentic software, and document/code workflows that need source",Neuroca-Inc/Catalyst_Chunker,github,PUBLIC,,https://github.com/Neuroca-Inc/Catalyst_Chunker,,public/reach/public-release-timeline.csv
PUB-0154,PUBLIC_RELEASE,2026-08-10,"Dependency graphing, standards auditing, and documentation snapshotting as a fast, lightweight CLI tool.",Neuroca-Inc/arachnid,github,PUBLIC,,https://github.com/Neuroca-Inc/arachnid,,public/reach/public-release-timeline.csv
PUB-0155,PUBLIC_RELEASE,2026-08-10,Local-first desktop application for designing data systems as typed architecture graphs.,Neuroca-Inc/conduit,github,PUBLIC,,https://github.com/Neuroca-Inc/conduit,,public/reach/public-release-timeline.csv
PUB-0156,PUBLIC_RELEASE,2026-08-10,"Real-time, zero-training, self-managing topological graph model with emergent learning driven by sophisticated, rich spi",Neuroca-Inc/vdm_rt,github,PUBLIC,,https://github.com/Neuroca-Inc/vdm_rt,,public/reach/public-release-timeline.csv
PUB-0157,PUBLIC_RELEASE,2026-08-10,Table comparison tool used for ETL regression testing.,Neuroca-Inc/deltus,github,PUBLIC,,https://github.com/Neuroca-Inc/deltus,,public/reach/public-release-timeline.csv
PUB-0158,PUBLIC_RELEASE,2026-08-10,"Turn things into text. Multi-modality transcriber, OCR, and convert to txt file tool. Resources",Neuroca-Inc/scriba,github,PUBLIC,,https://github.com/Neuroca-Inc/scriba,,public/reach/public-release-timeline.csv
PUB-0159,PUBLIC_RELEASE,2026-08-18,A clean architecture template for Python GUIs.,Neuroca-Inc/lamina,github,PUBLIC,,https://github.com/Neuroca-Inc/lamina,,public/reach/public-release-timeline.csv
PUB-0160,PUBLIC_RELEASE,2026-08-19,"Interactive Rust project scaffolding tool. Answer a few questions, learn the reasoning behind each choice, start from a ",Neuroca-Inc/rustruct,github,PUBLIC,,https://github.com/Neuroca-Inc/rustruct,,public/reach/public-release-timeline.csv
PUB-0161,PUBLIC_RELEASE,2026-08-22,Local repository indexing and querying tool.,Neuroca-Inc/beacon,github,PUBLIC,,https://github.com/Neuroca-Inc/beacon,,public/reach/public-release-timeline.csv
PUB-0162,PUBLIC_RELEASE,2026-08-22,"Three agent project tracking desktop application for recording Operator, Guardian, and Auditor interactions without losi",Neuroca-Inc/orchestra,github,PUBLIC,,https://github.com/Neuroca-Inc/orchestra,,public/reach/public-release-timeline.csv
PUB-0163,PUBLIC_RELEASE,2026-08-24,"A filesystem-first library for prompt engineering, context engineering, agent control, reusable AI workflows, research m",Neuroca-Inc/Perfect_Prompts,github,PUBLIC,,https://github.com/Neuroca-Inc/Perfect_Prompts,,public/reach/public-release-timeline.csv
PUB-0164,PUBLIC_RELEASE,2026-08-24,"Transform, normalize, extract, and compile mathematical expressions across LaTeX, MathJax, ASCII, Unicode, Python, and R",Neuroca-Inc/equamorph,github,PUBLIC,,https://github.com/Neuroca-Inc/equamorph,,public/reach/public-release-timeline.csv
PUB-0165,PUBLIC_RELEASE,2026-08-25,A Logarithmic First Integral for the Logistic On Site Law in VDM,10.5281/zenodo.22103196,zenodo,PUBLIC,,https://zenodo.org/records/22103196,,public/reach/public-release-timeline.csv
PUB-0166,PUBLIC_RELEASE,2026-08-25,A Logarithmic First Integral for the Logistic On Site Law in Void Dynamics,10.5281/zenodo.22102244,zenodo,PUBLIC,,https://zenodo.org/records/22102244,,public/reach/public-release-timeline.csv
PUB-0167,PUBLIC_RELEASE,2026-08-26,,Neuroca-Inc/.github,github,PUBLIC,,https://github.com/Neuroca-Inc/.github,,public/reach/public-release-timeline.csv
PUB-0168,PUBLIC_RELEASE,2026-08-26,"A local, persistent knowledge organism for text/Markdown files featuring sparse graph dynamics, source-atomic ingestion,",Neuroca-Inc/vll_organism,github,PUBLIC,,https://github.com/Neuroca-Inc/vll_organism,,public/reach/public-release-timeline.csv
PUB-0169,PUBLIC_RELEASE,2026-08-26,A small installable interface around the exact logistic on-site reaction step and logarithmic invariant used in the VDM ,Neuroca-Inc/vdm-logistic-solver,github,PUBLIC,,https://github.com/Neuroca-Inc/vdm-logistic-solver,,public/reach/public-release-timeline.csv
PUB-0170,PUBLIC_RELEASE,2026-08-26,Gate-certified Counterfactual Echo Gain instrumentation for VDM metriplectic assisted-echo experiments.,Neuroca-Inc/vdm-ceg-instrument,github,PUBLIC,,https://github.com/Neuroca-Inc/vdm-ceg-instrument,,public/reach/public-release-timeline.csv
PUB-0171,PUBLIC_RELEASE,2026-08-26,Lean4 environment for the Void Dynamics Model.,Neuroca-Inc/Lean4_Environment,github,PUBLIC,,https://github.com/Neuroca-Inc/Lean4_Environment,,public/reach/public-release-timeline.csv
PUB-0172,PUBLIC_RELEASE,2026-08-26,Lightweight Linux CLI for running arbitrary commands on demand or on a schedule while preserving each execution as a tim,Neuroca-Inc/ephemeris,github,PUBLIC,,https://github.com/Neuroca-Inc/ephemeris,,public/reach/public-release-timeline.csv
PUB-0173,PUBLIC_RELEASE,2026-08-26,"Neuroca provenance tooling for reproducible research packages, integrity manifests, publication metadata, and independen",Neuroca-Inc/vdm-provenance-helper,github,PUBLIC,,https://github.com/Neuroca-Inc/vdm-provenance-helper,,public/reach/public-release-timeline.csv
PUB-0174,PUBLIC_RELEASE,2026-08-26,"Phase Calculus world simulation engine for physics, video games, AI models, operating systems, robotics, and more.",Neuroca-Inc/cortex-engine,github,PUBLIC,,https://github.com/Neuroca-Inc/cortex-engine,,public/reach/public-release-timeline.csv
PUB-0175,PUBLIC_RELEASE,2026-08-26,"Research-derived mathematics and scientific computing tools from Neuroca, including numerical methods, exact algebra, dy",Neuroca-Inc/voidkit,github,PUBLIC,,https://github.com/Neuroca-Inc/voidkit,,public/reach/public-release-timeline.csv
PUB-0176,PUBLIC_RELEASE,2026-08-26,Counterfactual Echo Gain (CEG): Future-Aware Metriplectic Assistance Yields Gate-Certified Echo Improvement,10.5281/zenodo.22103830,zenodo,PUBLIC,,https://zenodo.org/records/22103830,,public/reach/public-release-timeline.csv
PUB-0177,PUBLIC_RELEASE,2026-08-28,Excitable-neuron path retrieval: beam search over a graph where node score is similarity plus excitation plus novelty mi,Neuroca-Inc/axiter,github,PUBLIC,,https://github.com/Neuroca-Inc/axiter,,public/reach/public-release-timeline.csv
PUB-0178,PUBLIC_RELEASE,2026-08-28,"One-command distribution snapshot across Zenodo, Hugging Face and GitHub. Separates unique from raw counts so you can se",Neuroca-Inc/reach,github,PUBLIC,,https://github.com/Neuroca-Inc/reach,,public/reach/public-release-timeline.csv
PUB-0179,PUBLIC_RELEASE,2026-08-28,"Portable offline Rust build and validation kits for AI agents, disconnected environments, and reproducible development.",Neuroca-Inc/rok,github,PUBLIC,,https://github.com/Neuroca-Inc/rok,,public/reach/public-release-timeline.csv
PUB-0180,PUBLIC_RELEASE,2026-08-28,"Read-only repository miner that builds a corpus of excerpts. Extracts reusable prompts, instructions, personas, skills, ",Neuroca-Inc/corpex,github,PUBLIC,,https://github.com/Neuroca-Inc/corpex,,public/reach/public-release-timeline.csv
PUB-0181,PUBLIC_RELEASE,2026-08-29,"Reclaim ChatGPT history directly, import official exports, keep the archive incrementally current, search it lexically o",Neuroca-Inc/Chronica,github,PUBLIC,,https://github.com/Neuroca-Inc/Chronica,,public/reach/public-release-timeline.csv
PUB-0182,PUBLIC_RELEASE,2026-08-29,"The clerk that records and authenticates a tree. Create immutable, machine-verifiable manifests of any repository or dir",Neuroca-Inc/notarius,github,PUBLIC,,https://github.com/Neuroca-Inc/notarius,,public/reach/public-release-timeline.csv
PUB-0183,PUBLIC_RELEASE,2026-08-31,"Cellular Sheaf Theory for the Orthad A Proposal for Local-to-Global Consistency, Reconstruction, and Seal Obstructions",10.5281/zenodo.22210015,zenodo,PUBLIC,,https://zenodo.org/records/22210015,,public/reach/public-release-timeline.csv
PUB-0184,PUBLIC_RELEASE,2026-08-31,"Mapping the Collatz Conjecture with Phase Calculus A Proposal for Inverse Words, Base-L Carries, and Orthad Realization",10.5281/zenodo.22209981,zenodo,PUBLIC,,https://zenodo.org/records/22209981,,public/reach/public-release-timeline.csv
PUB-0185,PUBLIC_RELEASE,2026-08-31,Phase Calculus Rosetta Stone,10.5281/zenodo.22210019,zenodo,PUBLIC,,https://zenodo.org/records/22210019,,public/reach/public-release-timeline.csv
PUB-0186,PUBLIC_RELEASE,2026-08-31,Proposal for an Orthad Derivation of the Quarter-Twisted Conjugate-Edge Kernel,10.5281/zenodo.22209950,zenodo,PUBLIC,,https://zenodo.org/records/22209950,,public/reach/public-release-timeline.csv
PUB-0187,PUBLIC_RELEASE,2026-08-31,Proposed Future Research in Phase Calculus,10.5281/zenodo.22209910,zenodo,PUBLIC,,https://zenodo.org/records/22209910,,public/reach/public-release-timeline.csv
PUB-0188,PUBLIC_RELEASE,2026-09-04,Arithmetic and Calculus on Base-L Lifted-Word Spaces,10.5281/zenodo.22289025,zenodo,PUBLIC,,https://zenodo.org/records/22289025,,public/reach/public-release-timeline.csv
VDM-G001,GIT_COMMIT,2025-08-10,first commit,30b20e205228160d085a0091936b28a52423126b,VDM,BASELINE,30b20e205228160d085a0091936b28a52423126b,https://github.com/Neuroca-Inc/VDM/commit/30b20e205228160d085a0091936b28a52423126b,,git-history/git-milestones.csv
VDM-G002,GIT_COMMIT,2025-10-31,Add A8 Candidate axiom for Lietz Infinity Resolution,3d315e7bbabc0a2d1c2afa4ccc5a72d26c836559,VDM,HYPOTHESIS,3d315e7bbabc0a2d1c2afa4ccc5a72d26c836559,https://github.com/Neuroca-Inc/VDM/commit/3d315e7bbabc0a2d1c2afa4ccc5a72d26c836559,,git-history/git-milestones.csv
VDM-G003,GIT_COMMIT,2025-11-28,Add CF10 program documentation for lattice hydrodynamics,8210882c7838507b62e80d0e355e9617db1bd6d6,VDM,PROGRAM,8210882c7838507b62e80d0e355e9617db1bd6d6,https://github.com/Neuroca-Inc/VDM/commit/8210882c7838507b62e80d0e355e9617db1bd6d6,PC-0016,git-history/git-milestones.csv
VDM-G004,GIT_COMMIT,2025-11-30,Updated CI to include both provenance index populator and hash updater,61ef199882b71494adad8a0e2e640a88b9c37e9a,VDM,PROVENANCE-INFRA,61ef199882b71494adad8a0e2e640a88b9c37e9a,https://github.com/Neuroca-Inc/VDM/commit/61ef199882b71494adad8a0e2e640a88b9c37e9a,,git-history/git-milestones.csv
VDM-G005,GIT_COMMIT,2026-03-01,Update DIRECTIVE_Runtime_Physics_Migration_v8,7fde0b0c60c8d8e629335e30b7eeb0f61e0fb678,VDM,MIGRATION,7fde0b0c60c8d8e629335e30b7eeb0f61e0fb678,https://github.com/Neuroca-Inc/VDM/commit/7fde0b0c60c8d8e629335e30b7eeb0f61e0fb678,,git-history/git-milestones.csv
VDM-G006,GIT_COMMIT,2026-03-13,Add Primitive Bifurcation Hypothesis (H000) details,501b29ef20b2b4b120744e0957539d6af5570441,VDM,HYPOTHESIS,501b29ef20b2b4b120744e0957539d6af5570441,https://github.com/Neuroca-Inc/VDM/commit/501b29ef20b2b4b120744e0957539d6af5570441,PC-0001,git-history/git-milestones.csv
VDM-G007,GIT_COMMIT,2026-03-14,Update CF000_Primitive_Distinguishability_and_the_Origin_of_Differentiability.md,47b8eb164b07ae116b2174fa0a46091764e849eb,VDM,FOUNDATION,47b8eb164b07ae116b2174fa0a46091764e849eb,https://github.com/Neuroca-Inc/VDM/commit/47b8eb164b07ae116b2174fa0a46091764e849eb,PC-0001,git-history/git-milestones.csv
VDM-G008,GIT_COMMIT,2026-03-20,Create VDM_Canon_Ledger_DRAFT.md,a1b6010a98c66fe4f610eb6fbedf90ef58ce5edf,VDM,CANON,a1b6010a98c66fe4f610eb6fbedf90ef58ce5edf,https://github.com/Neuroca-Inc/VDM/commit/a1b6010a98c66fe4f610eb6fbedf90ef58ce5edf,PC-0001,git-history/git-milestones.csv
VDM-G009,GIT_COMMIT,2026-03-21,Create A_minus_one_Primitive_Kernel.md,3268e338fa207af6f9205e14d019be7333697237,VDM,FOUNDATION,3268e338fa207af6f9205e14d019be7333697237,https://github.com/Neuroca-Inc/VDM/commit/3268e338fa207af6f9205e14d019be7333697237,PC-0001,git-history/git-milestones.csv
VDM-G010,GIT_COMMIT,2026-03-22,Update VDM_Assembly_Runtime_Specification.md,c648922a3a1a63c99af1aee21f918ca52d00d8c2,VDM,IMPLEMENTATION,c648922a3a1a63c99af1aee21f918ca52d00d8c2,https://github.com/Neuroca-Inc/VDM/commit/c648922a3a1a63c99af1aee21f918ca52d00d8c2,,git-history/git-milestones.csv
VDM-G011,GIT_COMMIT,2026-04-13,"Added several CF notebooks, and updated vdm rt v9 with raw logs and analysis",61562ec6ea416272c237411cb761dea24f116689,VDM,VERIFICATION,61562ec6ea416272c237411cb761dea24f116689,https://github.com/Neuroca-Inc/VDM/commit/61562ec6ea416272c237411cb761dea24f116689,,git-history/git-milestones.csv
VDM-G012,GIT_COMMIT,2026-04-24,Update README with Lean4 repository information,04764ed6db0dacb7cafcbb68ebea5ab75220c52a,VDM,VERIFICATION-INFRA,04764ed6db0dacb7cafcbb68ebea5ab75220c52a,https://github.com/Neuroca-Inc/VDM/commit/04764ed6db0dacb7cafcbb68ebea5ab75220c52a,,git-history/git-milestones.csv
PBL-G001,GIT_COMMIT,2026-03-23,Create origin_operator_discriminator.md,47b40aa6305632e4a4115efd078f173c90e7ac6a,primitive_bifurcation_law_VDM,CORRECTION/EXPERIMENT,47b40aa6305632e4a4115efd078f173c90e7ac6a,https://github.com/justinlietz93/primitive_bifurcation_law_VDM/commit/47b40aa6305632e4a4115efd078f173c90e7ac6a,PC-0001,git-history/git-milestones.csv
PBL-G002,GIT_COMMIT,2026-03-23,Delete a_minus_1_programmable_reference.md,723573ac05a817bd5b0b49850347eef176250356,primitive_bifurcation_law_VDM,CORRECTION/REJECTION,723573ac05a817bd5b0b49850347eef176250356,https://github.com/justinlietz93/primitive_bifurcation_law_VDM/commit/723573ac05a817bd5b0b49850347eef176250356,PC-0001,git-history/git-milestones.csv
PBL-G003,GIT_COMMIT,2026-03-23,Update Mathematical and Computational Generative Structures and Formulas - Table 1.csv,ab558fbba7748a4b2ffb0d6ff2839014a5666fb5,primitive_bifurcation_law_VDM,REFERENCE/CANON,ab558fbba7748a4b2ffb0d6ff2839014a5666fb5,https://github.com/justinlietz93/primitive_bifurcation_law_VDM/commit/ab558fbba7748a4b2ffb0d6ff2839014a5666fb5,PC-0001,git-history/git-milestones.csv
TAO-G001,GIT_COMMIT,2026-06-26,begin phase 5 v8,b66f45a7081dd1f2eaa96b83ce04a0b06f6a5b4d,Taoism-Mathematics-Research-Project-Internal,DERIVATION,b66f45a7081dd1f2eaa96b83ce04a0b06f6a5b4d,https://github.com/justinlietz93/Taoism-Mathematics-Research-Project-Internal/commit/b66f45a7081dd1f2eaa96b83ce04a0b06f6a5b4d,PC-0013,git-history/git-milestones.csv
TAO-G002,GIT_COMMIT,2026-07-08,Add PHASE 5 CANONICAL LEDGER with comprehensive documentation and status tracking,7286d670e2c12ab54ff6c6d07c1ebebf7aecd1ab,Taoism-Mathematics-Research-Project-Internal,CANON,7286d670e2c12ab54ff6c6d07c1ebebf7aecd1ab,https://github.com/justinlietz93/Taoism-Mathematics-Research-Project-Internal/commit/7286d670e2c12ab54ff6c6d07c1ebebf7aecd1ab,PC-0013,git-history/git-milestones.csv
TAO-G003,GIT_COMMIT,2026-07-09,Added Phase 5 v8d orthad generated fqm subclass,676ca6330ceaa09255e28c303697d294185a6d7c,Taoism-Mathematics-Research-Project-Internal,ORTHAD,676ca6330ceaa09255e28c303697d294185a6d7c,https://github.com/justinlietz93/Taoism-Mathematics-Research-Project-Internal/commit/676ca6330ceaa09255e28c303697d294185a6d7c,PC-0012;PC-0013,git-history/git-milestones.csv
TAO-G004,GIT_COMMIT,2026-07-10,Add verification script and update sealed JSON files for Phase 5,1be580904fb6e66b8cf09bb2415ea9bedda3d9d6,Taoism-Mathematics-Research-Project-Internal,VERIFICATION,1be580904fb6e66b8cf09bb2415ea9bedda3d9d6,https://github.com/justinlietz93/Taoism-Mathematics-Research-Project-Internal/commit/1be580904fb6e66b8cf09bb2415ea9bedda3d9d6,PC-0013,git-history/git-milestones.csv
TAO-G005,GIT_COMMIT,2026-07-10,Add new source files and data for Phase 5 v8m external audit and core radical purity diagnosis,d0dd6d2e5fa228a8c57f8decffe45e6a116ec1a1,Taoism-Mathematics-Research-Project-Internal,AUDIT,d0dd6d2e5fa228a8c57f8decffe45e6a116ec1a1,https://github.com/justinlietz93/Taoism-Mathematics-Research-Project-Internal/commit/d0dd6d2e5fa228a8c57f8decffe45e6a116ec1a1,PC-0013,git-history/git-milestones.csv
TAO-G006,GIT_COMMIT,2026-07-11,Add QBL Prime-Pattern Watch package with scanner and documentation,1c3ce406daeeeb8b2af1e39ee5dd5cdcad3361c8,Taoism-Mathematics-Research-Project-Internal,EXPERIMENT,1c3ce406daeeeb8b2af1e39ee5dd5cdcad3361c8,https://github.com/justinlietz93/Taoism-Mathematics-Research-Project-Internal/commit/1c3ce406daeeeb8b2af1e39ee5dd5cdcad3361c8,PC-0013,git-history/git-milestones.csv
TAO-G007,GIT_COMMIT,2026-07-11,Recurrent grammar emergence,e2d4353cefcf373d3613292c98001030944640c4,Taoism-Mathematics-Research-Project-Internal,DERIVATION,e2d4353cefcf373d3613292c98001030944640c4,https://github.com/justinlietz93/Taoism-Mathematics-Research-Project-Internal/commit/e2d4353cefcf373d3613292c98001030944640c4,PC-0013;PC-0018,git-history/git-milestones.csv
TAO-G008,GIT_COMMIT,2026-07-11,Add scripts for threshold derivation and package verification,0c48cc1f76cd101fd63032ad0c1a331932e511e2,Taoism-Mathematics-Research-Project-Internal,VERIFICATION,0c48cc1f76cd101fd63032ad0c1a331932e511e2,https://github.com/justinlietz93/Taoism-Mathematics-Research-Project-Internal/commit/0c48cc1f76cd101fd63032ad0c1a331932e511e2,PC-0018,git-history/git-milestones.csv
TAO-G009,GIT_COMMIT,2026-07-11,Add trace logs for factor derivation and induction proof,faf3d7709ac2322d4f316e224ad750929c34646d,Taoism-Mathematics-Research-Project-Internal,PROOF-TRACE,faf3d7709ac2322d4f316e224ad750929c34646d,https://github.com/justinlietz93/Taoism-Mathematics-Research-Project-Internal/commit/faf3d7709ac2322d4f316e224ad750929c34646d,PC-0018,git-history/git-milestones.csv
TAO-G010,GIT_COMMIT,2026-07-11,working through the orthad pairing,9f2ccdf22abccbacd6fbacf6a545118bbbe06826,Taoism-Mathematics-Research-Project-Internal,ORTHAD,9f2ccdf22abccbacd6fbacf6a545118bbbe06826,https://github.com/justinlietz93/Taoism-Mathematics-Research-Project-Internal/commit/9f2ccdf22abccbacd6fbacf6a545118bbbe06826,PC-0012;PC-0013,git-history/git-milestones.csv
TAO-G011,GIT_COMMIT,2026-07-12,updated canon documents and extracting findings from sprawling repo,39e096442aeee8e0d6776dcde01bc46f681bf34c,Taoism-Mathematics-Research-Project-Internal,CANON/AUDIT,39e096442aeee8e0d6776dcde01bc46f681bf34c,https://github.com/justinlietz93/Taoism-Mathematics-Research-Project-Internal/commit/39e096442aeee8e0d6776dcde01bc46f681bf34c,PC-0013;PC-0018,git-history/git-milestones.csv
CTX-G001,GIT_COMMIT,2026-07-12,first commit,31f9f8d5ac204d07095fbbf27cbe9d3cfde2216e,cortex-engine,BASELINE,31f9f8d5ac204d07095fbbf27cbe9d3cfde2216e,https://github.com/Neuroca-Inc/cortex-engine/commit/31f9f8d5ac204d07095fbbf27cbe9d3cfde2216e,PC-0014,git-history/git-milestones.csv
CTX-G002,GIT_COMMIT,2026-07-13,CP11,bcc358ebebe9ed4731f9b6b3fd7599681c60853e,cortex-engine,IMPLEMENTATION,bcc358ebebe9ed4731f9b6b3fd7599681c60853e,https://github.com/Neuroca-Inc/cortex-engine/commit/bcc358ebebe9ed4731f9b6b3fd7599681c60853e,PC-0014,git-history/git-milestones.csv
CTX-G003,GIT_COMMIT,2026-07-13,CP20,82e0856447fd39085f986d9c634a1c2a5712259d,cortex-engine,IMPLEMENTATION,82e0856447fd39085f986d9c634a1c2a5712259d,https://github.com/Neuroca-Inc/cortex-engine/commit/82e0856447fd39085f986d9c634a1c2a5712259d,PC-0014,git-history/git-milestones.csv
CTX-G004,GIT_COMMIT,2026-07-13,CP20 Retrospective complete,169dbe7e1b53c2aff6851efc59f862ded14558f2,cortex-engine,BOUNDARY/AUDIT,169dbe7e1b53c2aff6851efc59f862ded14558f2,https://github.com/Neuroca-Inc/cortex-engine/commit/169dbe7e1b53c2aff6851efc59f862ded14558f2,PC-0015,git-history/git-milestones.csv
CTX-G005,GIT_COMMIT,2026-07-18,began implementation of the orthad and lifted object,0234de28c4ee346a34abad4379da0e35ea96531d,cortex-engine,IMPLEMENTATION,0234de28c4ee346a34abad4379da0e35ea96531d,https://github.com/Neuroca-Inc/cortex-engine/commit/0234de28c4ee346a34abad4379da0e35ea96531d,PC-0014;PC-0017,git-history/git-milestones.csv
CTX-G006,GIT_COMMIT,2026-07-20,began emergent physics work,7ea9d91,cortex-engine,APPLICATION,7ea9d91,https://github.com/Neuroca-Inc/cortex-engine/commit/7ea9d91,PC-0014,git-history/git-milestones.csv
CTX-G007,GIT_COMMIT,2026-07-20,running tests and checks for emergent physics in the cortex engine,4a2029139f8cdf91d64c26b63c4a3b3136a6bde6,cortex-engine,VERIFICATION,4a2029139f8cdf91d64c26b63c4a3b3136a6bde6,https://github.com/Neuroca-Inc/cortex-engine/commit/4a2029139f8cdf91d64c26b63c4a3b3136a6bde6,PC-0014,git-history/git-milestones.csv
CTX-G008,GIT_COMMIT,2026-07-21,logged emergent hydrogen,21c4670,cortex-engine,OBSERVATION,21c4670,https://github.com/Neuroca-Inc/cortex-engine/commit/21c4670,PC-0014,git-history/git-milestones.csv
CTX-G009,GIT_COMMIT,2026-08-26,"added emergent dynamics observations and updated lifted object walkthrough, plus added a cortex retained baseline document",1bd9ad1,cortex-engine,CANON/BASELINE,1bd9ad1,https://github.com/Neuroca-Inc/cortex-engine/commit/1bd9ad1,PC-0017,git-history/git-milestones.csv
RT-G001,GIT_COMMIT,2026-06-22,Initial commit,827f8261f94d298c08debd53959952af9d240393,vdm_rt,BASELINE,827f8261f94d298c08debd53959952af9d240393,https://github.com/Neuroca-Inc/vdm_rt/commit/827f8261f94d298c08debd53959952af9d240393,,git-history/git-milestones.csv
RT-G002,GIT_COMMIT,2026-06-22,Add comprehensive roadmap docs for runtime reboot,87c394c486107cca26563865eee9f99ede3bcfae,vdm_rt,ROADMAP,87c394c486107cca26563865eee9f99ede3bcfae,https://github.com/Neuroca-Inc/vdm_rt/commit/87c394c486107cca26563865eee9f99ede3bcfae,,git-history/git-milestones.csv
RT-G003,GIT_COMMIT,2026-06-22,Remove dense/sparse mode flags and update docs,2a6bddf72cdd33490d691331f523738c9e5dd872,vdm_rt,CORRECTION/REJECTION,2a6bddf72cdd33490d691331f523738c9e5dd872,https://github.com/Neuroca-Inc/vdm_rt/commit/2a6bddf72cdd33490d691331f523738c9e5dd872,,git-history/git-milestones.csv
RT-G004,GIT_COMMIT,2026-06-22,Implement reboot cleanup policy / legacy substrate findings,fff151080e2fc0a05726f14bb92713e97256d750,vdm_rt,CORRECTION/REJECTION,fff151080e2fc0a05726f14bb92713e97256d750,https://github.com/Neuroca-Inc/vdm_rt/commit/fff151080e2fc0a05726f14bb92713e97256d750,,git-history/git-milestones.csv
RT-G005,GIT_COMMIT,2026-06-26,added regression test,165c5419eb23ad03df1325c7561e17555941e750,vdm_rt,VERIFICATION,165c5419eb23ad03df1325c7561e17555941e750,https://github.com/Neuroca-Inc/vdm_rt/commit/165c5419eb23ad03df1325c7561e17555941e750,,git-history/git-milestones.csv
RT-G006,GIT_COMMIT,2026-06-27,"continued cleanup, removal of broken UTD/UTE system",0057fdcb670ca7a9611522983a18e5d293237914,vdm_rt,CORRECTION/REJECTION,0057fdcb670ca7a9611522983a18e5d293237914,https://github.com/Neuroca-Inc/vdm_rt/commit/0057fdcb670ca7a9611522983a18e5d293237914,,git-history/git-milestones.csv
RT-G007,GIT_COMMIT,2026-06-27,added experiment testing outcomes,a77092e45bbb0f85ff496a68d15f615880a7c83f,vdm_rt,EXPERIMENT,a77092e45bbb0f85ff496a68d15f615880a7c83f,https://github.com/Neuroca-Inc/vdm_rt/commit/a77092e45bbb0f85ff496a68d15f615880a7c83f,,git-history/git-milestones.csv
RT-G008,GIT_COMMIT,2026-06-27,recreated 02 experiment. Decompressed check passed:,f60ef5cff839c9db32a626663f91f97f5a8dfbf4,vdm_rt,VERIFICATION,f60ef5cff839c9db32a626663f91f97f5a8dfbf4,https://github.com/Neuroca-Inc/vdm_rt/commit/f60ef5cff839c9db32a626663f91f97f5a8dfbf4,,git-history/git-milestones.csv
RT-G009,GIT_COMMIT,2026-06-27,Replaced the separate UTE/UTD log surfaces with a shared compressed sensorimotor boundary log,aa2434069b7bd8f50a6c191de6bf02f473f8e56e,vdm_rt,ARCHITECTURE,aa2434069b7bd8f50a6c191de6bf02f473f8e56e,https://github.com/Neuroca-Inc/vdm_rt/commit/aa2434069b7bd8f50a6c191de6bf02f473f8e56e,,git-history/git-milestones.csv
RT-G010,GIT_COMMIT,2026-06-27,wired the live runtime path to the motor trace boundary without restoring text decoding,c023f5b2aa3c3786f40b1d27da48d0e8db2d71d8,vdm_rt,IMPLEMENTATION,c023f5b2aa3c3786f40b1d27da48d0e8db2d71d8,https://github.com/Neuroca-Inc/vdm_rt/commit/c023f5b2aa3c3786f40b1d27da48d0e8db2d71d8,,git-history/git-milestones.csv
METH-001,METHODOLOGY,,ORCHESTRA,BUILT_AND_FORMALIZED_DURING,Taoism / Active-Study,USER-ATTESTED / DATE-UNRESOLVED,,,,ledgers/methodology-lineage.csv
METH-003,METHODOLOGY,2026-08-04,ORCHESTRA Research Package Template,CONCRETE_FORMALIZATION,ORCHESTRA,SOURCE-ARTIFACT / HASHED,,methodology/ORCHESTRA/source-artifacts/ORCHESTRA_RESEARCH_PACKAGE_TEMPLATE_v2.0_20260804/,,ledgers/methodology-lineage.csv
METH-004,METHODOLOGY,2026-08-04,ORCHESTRA Publication Package Template,RESEARCH_TO_PUBLICATION_CUSTODY,ORCHESTRA,SOURCE-ARTIFACT / HASHED,,methodology/ORCHESTRA/source-artifacts/ORCHESTRA_PUBLICATION_PACKAGE_TEMPLATE_v2.0_20260804/,,ledgers/methodology-lineage.csv
METH-005,METHODOLOGY,2026-08-21,Research and Evidence Standard v1.0.1,GENERALIZES_METHOD,ORCHESTRA / Standards,SOURCE-ARTIFACT / HASHED,,methodology/ORCHESTRA/source-artifacts/RESEARCH_AND_EVIDENCE_STANDARD_v1.0.1_20260821/,,ledgers/methodology-lineage.csv
METH-006,METHODOLOGY,2026-08-26,Ancestor Custody Workflow Upgrade v1.0 / ORCHESTRA v2.1,ADDS_EXACT_ANCESTRY_CUSTODY,ORCHESTRA,SOURCE-ARTIFACT / HASHED,,methodology/ORCHESTRA/source-artifacts/ANCESTOR_CUSTODY_WORKFLOW_UPGRADE_v1.0_20260826/,,ledgers/methodology-lineage.csv
METH-002,METHODOLOGY,,Cairn,FOLLOWS_ORCHESTRA,Post-ORCHESTRA methodology development,USER-ATTESTED / DATE-UNRESOLVED,,,,ledgers/methodology-lineage.csv
LEGACY-001,HISTORICAL_MANUSCRIPT,,Definitions and Mechanisms of the Primitive Bifurcation Law,A-1_Primitive_Bifurcation_Spec.md,Legacy CF,,e768a1138889abe6ecbf9af519a4498c36cb61027371272cfa8546a8ad70ef52,,,historical/legacy-cf/legacy-cf-index.csv
LEGACY-002,HISTORICAL_MANUSCRIPT,2026-03-14,CF000: Complete Formalism — Primitive Distinguishability and the Origin of Differentiability in VDM,CF000_Primitive_Distinguishability_and_the_Origin_of_Differentiability.md,Legacy CF,Proved.,3c568c21d7264e3833a86907c346a084a663aa5957c4d6848be439c5e1e0ca5e,,,historical/legacy-cf/legacy-cf-index.csv
LEGACY-003,HISTORICAL_MANUSCRIPT,2026-03-08,CF00: Complete Formalism — Primitive Origin of Induced Geometry and Emergent Dynamics in VDM,CF00_Primitive_Origin_of_Induced_Geometry_and_Emergent_Dynamics.md,Legacy CF,Complete Formalism,4dbdf9eb8e52f985720d4c95ed3746bef516a2145a35d17f5dbe170aac241961,,,historical/legacy-cf/legacy-cf-index.csv
LEGACY-004,HISTORICAL_MANUSCRIPT,2025-11-05,CF01: Complete Formalism — Quantum Geometric Tensor to Metriplectic Brackets,CF01_QGT_to_Metriplectic_Brackets.md,Legacy CF,Complete Derivation,68eea832b9e748510e3fdbda5a8fecf52a623d68e4f831cebc673847c86bf230,,,historical/legacy-cf/legacy-cf-index.csv
LEGACY-005,HISTORICAL_MANUSCRIPT,2025-11-05,CF02: Complete Formalism — Contact Geometry to Metriplectic Evolution,CF02_Contact_to_Metriplectic_Evolution.md,Legacy CF,Complete Derivation,a7f5071514fa3c949a50e214a25bde68a46ec5226470a909f22532097e7e7091,,,historical/legacy-cf/legacy-cf-index.csv
LEGACY-006,HISTORICAL_MANUSCRIPT,2025-11-05,CF03: Complete Formalism — A8 Scaling Theorem (Hierarchical Tachyonic Interfaces),CF03_A8_Scaling_Hierarchical_Interfaces.md,Legacy CF,Complete Derivation,7221201ae024a7fef28429bf447effcf108beb984a3226d30ebd7ea7f4c6257b,,,historical/legacy-cf/legacy-cf-index.csv
LEGACY-007,HISTORICAL_MANUSCRIPT,2025-11-05,CF04: Complete Formalism — Telegraph-Fisher Causality (Finite-Speed Transport),CF04_Telegraph_Fisher_Causality.md,Legacy CF,Complete Derivation,8a6173435140c2f92f4ac6870200fe57edea85ba96e98f32226be63a91d5de3e,,,historical/legacy-cf/legacy-cf-index.csv
LEGACY-008,HISTORICAL_MANUSCRIPT,2025-11-05,CF05: Complete Formalism — Integrability Closure (No Hidden Conserved Quantities),CF05_Integrability_Closure.md,Legacy CF,Complete Derivation,f865720dc3d2d2bfb5d99c39dd018cdd8f771cf5345336918f1d493ed601da71,,,historical/legacy-cf/legacy-cf-index.csv
LEGACY-009,HISTORICAL_MANUSCRIPT,2025-11-05,CF06: Information Geometry Foundations — Fisher and Ruppeiner Metrics for VDM M-Limb,CF06_Info_Geom_Fisher_Ruppeiner_Foundations.md,Legacy CF,Complete Derivation,4bcec68906c71a8034cdd9a4143ae3811c35dac1a8122580969e26910a50cd00,,,historical/legacy-cf/legacy-cf-index.csv
LEGACY-010,HISTORICAL_MANUSCRIPT,2025-11-05,CF07: Measurement Theory Foundations — Decoherence and Born Rule for VDM,CF07_Measurement_Theory_Decoherence_Born_Rule.md,Legacy CF,Complete Derivation,ff79b4677ae5d614a41706ef2327aba02056e7c3ea0f28e7653212d51dd7c061,,,historical/legacy-cf/legacy-cf-index.csv
LEGACY-011,HISTORICAL_MANUSCRIPT,2025-11-20,CF08: Complete Formalism — Spinor Emergence via Domain-Wall Fermions in VDM,CF08_Spinor_Emergence_Domain_Wall_Fermions.md,Legacy CF,ACTIVE — Nielsen-Ninomiya Red Team Defense,588a96efb1b1ddd05060bea97520f80d1c5d4d0ad7eb390e4789db0dfbd7d74f,,,historical/legacy-cf/legacy-cf-index.csv
LEGACY-012,HISTORICAL_MANUSCRIPT,2025-11-20,CF09: Complete Formalism — Gauge Field Emergence via Berry Connection in VDM,CF09_Gauge_Emergence_Berry_Connection.md,Legacy CF,ACTIVE — Weinberg-Witten Red Team Defense,0c41fbe681cfffea9ba8fc54ac660640a05642b76fddc4af9a868f3a0a256113,,,historical/legacy-cf/legacy-cf-index.csv
LEGACY-013,HISTORICAL_MANUSCRIPT,2025-11-27,"CF10: Complete Formalism — VDM Lattice Hydrodynamics, Continuum Limit, and Regularity Program",CF10_Lattice_Fluids_Continuum_and_Regularity_Program.md,Legacy CF,Program with Partial Derivations (NOT a complete proof of NS regularity),25ee8971ca49a5a5c49eaa03b0a06c0e7c1a809a1aaa8069780a8caa6c60b322,,,historical/legacy-cf/legacy-cf-index.csv
LEGACY-014,HISTORICAL_MANUSCRIPT,2026-02-06,CF11: Dark Sector Emergence from Metriplectic Dynamics,CF11_Dark_Sector_Metriplectic_Complete.md,Legacy CF,Corrected rewrite (T1 formalism) — ready for T2 lattice validation + T3 cosmology regression,a19d9e49c708dd2e36b71e53d170199ca113252759afa08452b055182e36c925,,,historical/legacy-cf/legacy-cf-index.csv
LEGACY-015,HISTORICAL_MANUSCRIPT,,CF12 — Theorem Skeleton v1,CF12_Gravity_Black-Holes_Thermodynamics.md,Legacy CF,,e4b045e7abc8fac4ca8ce916c7deda6bf88589e29ab2f0eca55d10fe5a814cd9,,,historical/legacy-cf/legacy-cf-index.csv
LEGACY-016,HISTORICAL_MANUSCRIPT,"March 18, 2026","CF13: COMPLETE FORMALISM --- $ pi$, TRANSCENDENCE,  
CHIRALITY, AND THE NIELSEN--NINOMIYA THEOREM  
FROM THE PRIMITIVE BIFURCATION INVARIANT",CF13_Pi_Transcendence_Chirality_and_NN_From_Bifurcation.tex,Legacy CF,,026e24f2fe7f131b87dbf70cf9a2f7d7e3adb2537ebd848b627fd35aeea4d0a1,,,historical/legacy-cf/legacy-cf-index.csv
LEGACY-017,HISTORICAL_MANUSCRIPT,"March 18, 2026",CF14 — Principle of Least Action as Minimum Saturation Requirement,CF14_Principle_of_Least_Action_as_Minimum_Saturation_DRAFT.md,Legacy CF,"NOTES — pre-scaffold, awaiting formalization",51187fd98394a40e50ef8ef17cbbe0eaaec57c83088c38472774aa944e85c2d8,,,historical/legacy-cf/legacy-cf-index.csv
LEGACY-018,HISTORICAL_MANUSCRIPT,,CF15_Noethers_Invariant_as_Articulation_Cost,CF15_Noethers_Invariant_as_Articulation_Cost.pdf,Legacy CF,,0574c00c18803044fe44c699655432b94dd45f37ebe0998b099e752e519f9b31,,,historical/legacy-cf/legacy-cf-index.csv
LEGACY-019,HISTORICAL_MANUSCRIPT,2026-03-20,"CF16 Plan — Electroweak Fiber Splitting, Chiral Weak Coupling, and Gauge Mixing in VDM",CF16_Electroweak_Closure_Plan.md,Legacy CF,Revised planning document,c56dbec503d27a3460611491bed60b22b7d9321ba4f0f6c50f190d0b0a9d524f,,,historical/legacy-cf/legacy-cf-index.csv
LEGACY-020,HISTORICAL_MANUSCRIPT,2026-03-20,"CF17 Plan — Non-Abelian Saturation, Flux Tubes, and Quantitative Confinement in VDM",CF17_QCD_Confinement_Closure_Plan.md,Legacy CF,Revised planning document,4746699f77106dcec667762283f573426912bec5d748691140a23aea6629e376,,,historical/legacy-cf/legacy-cf-index.csv
LEGACY-021,HISTORICAL_MANUSCRIPT,2026-03-20,"CF18 Plan — Radiative Corrections, Effective Action, and Running Couplings in VDM",CF18_Quantum_Corrections_and_Running_Couplings_Plan.md,Legacy CF,Revised planning document,35fe25c637eb9967b72210731f55fe498333f179c6de2d78a72afc09d3151439,,,historical/legacy-cf/legacy-cf-index.csv
SRC-REACH-001,SOURCE_ARTIFACT,,public reach/release ledger,79cb242cb97582e4dadd89dfc2b7b8d76368960caa25f9ee6c109ebab8bb5d34,20260907_reach.ods,SOURCE,79cb242cb97582e4dadd89dfc2b7b8d76368960caa25f9ee6c109ebab8bb5d34,public/reach/20260907_reach.ods,,source-index/source-artifact-index.csv
SRC-ORCH-001,SOURCE_ARTIFACT,,ORCHESTRA Research Package Template v2.0,d669d2079a63a94f43857b1222fefaa0b022c86519c939a997858aa4947915fe,CANONICAL_STANDARDS(1).zip,METHODOLOGY_SOURCE,d669d2079a63a94f43857b1222fefaa0b022c86519c939a997858aa4947915fe,methodology/ORCHESTRA/documents/,,source-index/source-artifact-index.csv
SRC-ORCH-002,SOURCE_ARTIFACT,,ORCHESTRA Publication Package Template v2.0,880014f789f4232b306f83dad1558f82fa19df9ffcfac7168fdb89a0675aa0e7,CANONICAL_STANDARDS(1).zip,METHODOLOGY_SOURCE,880014f789f4232b306f83dad1558f82fa19df9ffcfac7168fdb89a0675aa0e7,methodology/ORCHESTRA/documents/,,source-index/source-artifact-index.csv
SRC-ORCH-003,SOURCE_ARTIFACT,,Research and Evidence Standard v1.0.1,ead6071e69929376f52061c3bdf17cfb7befaae25c1aa936b4474f09cd81a4f9,CANONICAL_STANDARDS(1).zip,METHODOLOGY_SOURCE,ead6071e69929376f52061c3bdf17cfb7befaae25c1aa936b4474f09cd81a4f9,methodology/ORCHESTRA/documents/RESEARCH_AND_EVIDENCE_STANDARD_v1.0.1_20260821.md,,source-index/source-artifact-index.csv
SRC-ORCH-004,SOURCE_ARTIFACT,,Ancestor Custody Workflow Upgrade v1.0,70dcd1c006c8400579c329e55ead5477334e47a135338fd5bf1a3b1f71c6d2c4,CANONICAL_STANDARDS(1).zip,METHODOLOGY_SOURCE,70dcd1c006c8400579c329e55ead5477334e47a135338fd5bf1a3b1f71c6d2c4,methodology/ORCHESTRA/documents/,,source-index/source-artifact-index.csv
SRC-PC-001,SOURCE_ARTIFACT,,PHASE-CALCULUS-DERIVATION-STANDARDS.md,2757afca2a33df1f5cfe14a6c6b818e8f10b3fcfe458fdd723a8e59e6ef643d0,CANONICAL_STANDARDS(1).zip,REVIEW_BEFORE_CANON,2757afca2a33df1f5cfe14a6c6b818e8f10b3fcfe458fdd723a8e59e6ef643d0,,,source-index/source-artifact-index.csv
SRC-PC-002,SOURCE_ARTIFACT,,Capacity-Coordinated Inverse Seed Law Working Note v0.3,9150bed4a3f3b336b7c9cf6a6ee5457191080b6d959d52817c4210bfdb3e5024,direct upload,WORKING_NOTE,9150bed4a3f3b336b7c9cf6a6ee5457191080b6d959d52817c4210bfdb3e5024,records/phase-calculus/Capacity_Coordinated_Inverse_Seed_Law_Working_Note_v0.3.docx,,source-index/source-artifact-index.csv
SRC-CX-001,SOURCE_ARTIFACT,,Cortex Engine Retained Baseline 2026-07-26,8b1e6b8511321db005f453749df284465a31f3b021ba4ef684cdf37cb082daa8,direct upload,HISTORICAL_BASELINE,8b1e6b8511321db005f453749df284465a31f3b021ba4ef684cdf37cb082daa8,records/cortex/CORTEX_ENGINE_RETAINED_BASELINE_20260726.md,,source-index/source-artifact-index.csv
SRC-VLL-001,SOURCE_ARTIFACT,,VLL Rung1 Mechanism Decision v0.3,f2cef32273202d59218409b24699c9410b2a0e228eaf67accc6d2b0d228a5228,VLL_Rung.zip,RESEARCH_EVIDENCE,f2cef32273202d59218409b24699c9410b2a0e228eaf67accc6d2b0d228a5228,records/vll/VLL_Rung1_Mechanism_Decision_v0.3.md,,source-index/source-artifact-index.csv
SRC-AC-001,SOURCE_ARTIFACT,,project-status.md,41b6744d34e56e0267b38e09d5e0362abd06ed3334641a3bc6128f0b429996c9,Analogistical-Constructivism.zip,HISTORICAL_STATUS,41b6744d34e56e0267b38e09d5e0362abd06ed3334641a3bc6128f0b429996c9,records/analogistical-constructivism/project-status.md,,source-index/source-artifact-index.csv
ARCHIVE-001,SOURCE_ARTIFACT,,private source archive,b33074a89f9dd3de35f06b1f882505bf0f6725eaf4220ede75ca2bd8c32bdfcd,CANONICAL_STANDARDS(1).zip,HASH_ANCHOR,b33074a89f9dd3de35f06b1f882505bf0f6725eaf4220ede75ca2bd8c32bdfcd,,,source-index/source-artifact-index.csv
ARCHIVE-002,SOURCE_ARTIFACT,,private source archive,cac59e792408450e5079c68e1fdd133d5422c64ebb1a18737bc521e7f45d6ad2,VLL_Rung.zip,HASH_ANCHOR,cac59e792408450e5079c68e1fdd133d5422c64ebb1a18737bc521e7f45d6ad2,,,source-index/source-artifact-index.csv
ARCHIVE-003,SOURCE_ARTIFACT,,private source archive,6fff5b82b5de63634809d5511f9bd01552342faf9b2045b7243f9d4b1b1595d4,Analogistical-Constructivism.zip,HASH_ANCHOR,6fff5b82b5de63634809d5511f9bd01552342faf9b2045b7243f9d4b1b1595d4,,,source-index/source-artifact-index.csv
ARCHIVE-004,SOURCE_ARTIFACT,,legacy manuscript archive,7a0b22c9006f76988f30b1a1f89f9ccf464666ca36b7dddc2e133e67d77cf303,Legacy-Markdown-CFs.zip,HASH_ANCHOR,7a0b22c9006f76988f30b1a1f89f9ccf464666ca36b7dddc2e133e67d77cf303,,,source-index/source-artifact-index.csv
